FID,NEWID,LENGTH,TIDE_M,SLOPE_PCT,ERR_M_YR,SL_MM_YR_,GEOM,WAVES_M,CVIVALUE,StateAbbr,FullState
4470,4471,0.00301,0.64,0.2027,-6.4000001,2.95,4,0.5,7.071067812,VA,Virginia
4471,4472,0.00301,0.64,0.2027,-6.4000001,2.95,4,0.5,7.071067812,VA,Virginia
4472,4473,0.00806,0.64,0.2027,-6.4000001,2.95,4,0.5,7.071067812,VA,Virginia
4473,4474,0.00806,0.64,0.2027,-6.4000001,2.95,4,0.5,7.071067812,VA,Virginia
4474,4475,0.0099,0.64,0.194,-6.4000001,2.95,4,0.5,7.071067812,VA,Virginia
4478,4479,0.00598,0.64,0.2027,-6.0999999,2.95,4,0.5,7.071067812,VA,Virginia
4479,4480,0.00598,0.64,0.2027,-6.0999999,2.95,4,0.5,7.071067812,VA,Virginia
4492,4493,0.01446,0.64,0.2027,-6.0999999,2.95,4,0.5,7.071067812,VA,Virginia
4493,4494,0.00574,0.64,0.2027,-6.0999999,2.95,4,0.5,7.071067812,VA,Virginia
4521,4522,0.19997,0.64,0.2167,-6.0999999,2.95,4,0.5,7.071067812,VA,Virginia
4522,4523,0.19997,0.64,0.2167,-6.0999999,2.95,4,0.5,7.071067812,VA,Virginia
4523,4524,0.19997,0.64,0.213,-6.0999999,2.95,4,0.5,7.071067812,VA,Virginia
4524,4525,0.19997,0.64,0.1989,-6.0999999,2.95,4,0.5,7.071067812,VA,Virginia
4531,4532,0.02418,0.64,0.2074,-6.0999999,3,4,0.5,8.164965809,VA,Virginia
4543,4544,0.01152,0.64,0.2074,-6.0999999,3,4,0.5,8.164965809,VA,Virginia
4544,4545,0.01152,0.64,0.2074,-6.0999999,3,4,0.5,8.164965809,VA,Virginia
4585,4586,0.0617,0.64,0.2009,-6.0999999,3,4,0.5,8.164965809,VA,Virginia
4633,4634,0.14479,0.64,0.2184,-6.0999999,3,4,0.5,8.164965809,VA,Virginia
4634,4635,0.14479,0.64,0.2018,-6.0999999,3,4,0.5,8.164965809,VA,Virginia
4635,4636,0.14479,0.64,0.2021,-6.0999999,3,4,0.5,8.164965809,VA,Virginia
4636,4637,0.14479,0.64,0.1948,-6.0999999,3,4,0.5,8.164965809,VA,Virginia
4637,4638,0.14479,0.64,0.2021,-6.0999999,3,4,0.5,8.164965809,VA,Virginia
4641,4642,0.01401,0.64,0.2021,-6.0999999,3,4,0.5,8.164965809,VA,Virginia
4643,4644,0.03555,0.64,0.1916,-6.0999999,3,4,0.5,8.164965809,VA,Virginia
4672,4673,0.05562,0.64,0.2001,-6.0999999,3,4,0.5,8.164965809,VA,Virginia
4689,4690,0.0139,0.64,0.1835,-6.0999999,3,4,0.5,8.164965809,VA,Virginia
4690,4691,0.0139,0.64,0.1779,-6.0999999,3,4,0.5,8.164965809,VA,Virginia
4696,4697,0.00864,0.64,0.1779,-2.8,3,4,0.5,8.164965809,VA,Virginia
4697,4698,0.00864,0.64,0.1726,-2.8,3,4,0.5,8.164965809,VA,Virginia
4702,4703,0.12051,0.64,0.1863,-6.0999999,3,5,0.5,9.128709292,VA,Virginia
4703,4704,0.12051,0.64,0.2001,-6.0999999,3,5,0.5,9.128709292,VA,Virginia
4704,4705,0.12051,0.64,0.1769,-6.0999999,3,5,0.5,9.128709292,VA,Virginia
4706,4707,0.01158,0.64,0.1621,-2.8,3,4,0.5,8.164965809,VA,Virginia
4726,4727,0.02898,0.64,0.1621,-6.0999999,3,4,0.5,8.164965809,VA,Virginia
4727,4728,0.02898,0.51,0.1621,-6.0999999,3,4,0.5,8.164965809,VA,Virginia
4754,4755,0.02041,0.51,0.1621,-6.0999999,3,4,0.5,8.164965809,VA,Virginia
4755,4756,0.02041,0.51,0.1621,-6.0999999,3.1500001,4,0.5,8.164965809,VA,Virginia
4757,4758,0.00207,0.51,0.1527,-2.8,3.1500001,4,0.5,8.164965809,VA,Virginia
4762,4763,0.01639,0.51,0.1227,-6.0999999,3,4,0.5,8.164965809,VA,Virginia
4766,4767,0.14195,0.51,0.1227,-6.0999999,3,4,0.5,8.164965809,VA,Virginia
4767,4768,0.14195,0.51,0.1223,-6.0999999,3,4,0.5,8.164965809,VA,Virginia
4768,4769,0.14195,0.51,0.1228,-6.0999999,3.1500001,4,0.5,8.164965809,VA,Virginia
4769,4770,0.14195,0.51,0.1226,-6.0999999,3,4,0.5,8.164965809,VA,Virginia
4770,4771,0.14195,0.51,0.1206,-6.0999999,3,4,0.5,8.164965809,VA,Virginia
4780,4781,0.00531,0.51,0.1182,-6.0999999,3.1500001,4,0.5,8.164965809,VA,Virginia
4785,4786,0.04946,0.51,0.1426,-2.8,3.1500001,4,0.5,8.164965809,VA,Virginia
4786,4787,0.04946,0.51,0.1332,-2.8,3.1500001,4,0.5,8.164965809,VA,Virginia
4789,4790,0.06203,0.51,0.1633,-2.8,3.1500001,4,0.5,8.164965809,VA,Virginia
4790,4791,0.06203,0.51,0.1477,-2.8,3.1500001,4,0.5,8.164965809,VA,Virginia
4800,4801,0.0092,0.51,0.1633,-2.8,3.1500001,4,1.1,16.33,VA,Virginia
4801,4802,0.0092,0.51,0.1633,-2.8,3.1500001,4,1.1,16.33,VA,Virginia
4811,4812,0.01098,0.51,0.1633,-2.8,3.1500001,4,0.5,8.164965809,VA,Virginia
4812,4813,0.01098,0.51,0.1633,-2.8,3.1500001,4,0.5,8.164965809,VA,Virginia
4813,4814,0.0419,0.51,0.1485,-2.8,3.1500001,4,0.5,8.164965809,VA,Virginia
4814,4815,0.04473,0.51,0.1197,-6.0999999,3.1500001,4,0.5,8.164965809,VA,Virginia
4815,4816,0.04473,0.51,0.1153,-6.0999999,3.1500001,4,0.5,8.164965809,VA,Virginia
4816,4817,0.04473,0.51,0.1153,-6.0999999,3.1500001,4,0.5,8.164965809,VA,Virginia
4817,4818,0.03326,0.51,0.1426,-2.8,3.1500001,4,0.5,8.164965809,VA,Virginia
4818,4819,0.03326,0.51,0.1318,-2.8,3.1500001,4,0.5,8.164965809,VA,Virginia
4819,4820,0.05428,0.51,0.1203,-6.0999999,3.1500001,4,0.5,8.164965809,VA,Virginia
4820,4821,0.05428,0.51,0.1174,-6.0999999,3.1500001,4,0.5,8.164965809,VA,Virginia
4821,4822,0.01624,0.51,0.1203,-6.0999999,3.1500001,5,0.5,9.128709292,VA,Virginia
4822,4823,0.02873,0.51,0.1275,-2.8,3.1500001,5,0.5,9.128709292,VA,Virginia
4824,4825,0.01951,0.51,0.1227,-2.8,3.1500001,5,0.5,9.128709292,VA,Virginia
4834,4835,0.05217,0.51,0.1182,-6.0999999,3.1500001,4,0.5,8.164965809,VA,Virginia
4835,4836,0.05217,0.51,0.1182,-6.0999999,3.1500001,4,0.5,8.164965809,VA,Virginia
4863,4864,0.11366,0.51,0.1162,-6.0999999,3.1500001,4,0.5,8.164965809,VA,Virginia
4864,4865,0.11366,0.51,0.1155,-6.0999999,3.1500001,4,0.5,8.164965809,VA,Virginia
4881,4882,0.03208,0.51,0.1102,-6.0999999,3.1500001,4,0.5,11.55,VA,Virginia
4882,4883,0.03208,0.51,0.1102,-6.0999999,3.1500001,4,0.5,11.55,VA,Virginia
4887,4888,0.00468,0.51,0.1102,-6.0999999,3.1500001,4,0.5,11.55,VA,Virginia
4888,4889,0.00468,0.51,0.1102,-6.0999999,3.1500001,4,0.5,11.55,VA,Virginia
4910,4911,0.03456,0.51,0.1079,-6.0999999,3.1500001,4,0.5,11.55,VA,Virginia
4933,4934,0.02386,0.51,0.1017,-6.0999999,3.1500001,5,0.5,12.91,VA,Virginia
5043,5044,0.09962,0.51,0.0988,-6.0999999,3.1500001,5,0.5,12.91,VA,Virginia
5046,5047,0.00227,0.51,0.097,-6.0999999,3.1500001,5,1.1,25.82,VA,Virginia
5047,5048,0.00227,0.51,0.097,-6.0999999,3.1500001,5,1.1,25.82,VA,Virginia
5053,5054,0.00273,0.51,0.0934,-6.0999999,3.1500001,5,0.5,12.91,VA,Virginia
5061,5062,0.00673,0.51,0.0934,-6.0999999,3.1500001,5,0.5,12.91,VA,Virginia
5062,5063,0.00673,0.51,0.0934,-6.0999999,3.1500001,5,0.5,12.91,VA,Virginia
5068,5069,0.1491,0.51,0.0943,-6.0999999,3.1500001,5,0.5,12.91,VA,Virginia
5069,5070,0.1491,0.51,0.0933,-6.0999999,3.1500001,5,0.5,12.91,VA,Virginia
5070,5071,0.1491,0.51,0.0934,-6.0999999,3.1500001,5,0.5,12.91,VA,Virginia
5071,5072,0.03785,0.51,0.1002,-6.0999999,3.1500001,4,0.5,11.55,VA,Virginia
5072,5073,0.03785,0.51,0.1016,-6.0999999,3.1500001,4,0.5,11.55,VA,Virginia
5074,5075,0.08701,0.51,0.0945,-6.0999999,3.1500001,4,0.5,11.55,VA,Virginia
5075,5076,0.08701,0.51,0.0977,-6.0999999,3.1500001,4,0.5,11.55,VA,Virginia
5079,5080,0.01905,0.51,0.1002,-6.0999999,3.1500001,5,0.7,18.26,VA,Virginia
5080,5081,0.01582,0.51,0.1008,-6.0999999,3.1500001,5,0.7,18.26,VA,Virginia
5081,5082,0.00356,0.51,0.0974,-6.0999999,3.1500001,5,0.7,18.26,VA,Virginia
5084,5085,0.03383,0.51,0.1012,-6.0999999,3.1500001,5,0.7,18.26,VA,Virginia
5090,5091,0.0403,0.39,0.1116,-6.0999999,3.1500001,5,0.7,18.26,VA,Virginia
5091,5092,0.01156,0.51,0.0974,-6.0999999,3.1500001,5,0.7,18.26,VA,Virginia
5092,5093,0.0181,0.51,0.0974,-6.0999999,3.1500001,5,0.7,18.26,VA,Virginia
5114,5115,0.01998,0.51,0.0974,-6.0999999,3.1500001,5,0.7,18.26,VA,Virginia
5115,5116,0.01998,0.51,0.0974,-6.0999999,3.1500001,5,0.7,18.26,VA,Virginia
5119,5120,0.01269,0.39,0.1115,-6.0999999,3.1500001,5,0.7,18.26,VA,Virginia
5120,5121,0.01269,0.39,0.1115,-6.0999999,3.1500001,5,0.7,18.26,VA,Virginia
5121,5122,0.00527,0.51,0.0974,-6.0999999,3.1500001,5,0.7,18.26,VA,Virginia
5126,5127,0.0232,0.39,0.1119,-6.0999999,3.1500001,5,0.7,18.26,VA,Virginia
5127,5128,0.0232,0.39,0.1117,-6.0999999,3.1500001,5,0.7,18.26,VA,Virginia
5134,5135,0.06819,0.39,0.1084,-6.0999999,3.1500001,5,0.7,18.26,VA,Virginia
5135,5136,0.06819,0.39,0.1119,-6.0999999,3.1500001,5,0.7,18.26,VA,Virginia
5136,5137,0.06819,0.39,0.1119,-6.0999999,3.1500001,5,0.7,18.26,VA,Virginia
5143,5144,0.02633,0.39,0.1117,-6.0999999,3.1500001,5,0.7,18.26,VA,Virginia
5164,5165,0.08903,0.51,0.1006,-6.0999999,3.1500001,5,0.7,18.26,VA,Virginia
5167,5168,0.0089,0.51,0.0964,-6.0999999,3.1500001,5,0.7,18.26,VA,Virginia
5188,5189,0.09183,0.39,0.1097,-6.0999999,3.1500001,5,0.7,18.26,VA,Virginia
5189,5190,0.09183,0.39,0.1088,-6.0999999,3.1500001,5,0.7,18.26,VA,Virginia
5190,5191,0.09183,0.39,0.1081,-6.0999999,3.1500001,5,0.7,18.26,VA,Virginia
5194,5195,0.02945,0.39,0.1087,-6.0999999,3.1500001,5,0.7,18.26,VA,Virginia
5195,5196,0.02945,0.39,0.1087,-6.0999999,3.1500001,5,0.7,18.26,VA,Virginia
5221,5222,0.27133,0.51,0.1049,-6.0999999,3.1500001,5,0.7,18.26,VA,Virginia
5222,5223,0.27133,0.51,0.1049,-6.0999999,3.1500001,5,0.7,18.26,VA,Virginia
5223,5224,0.27133,0.51,0.102,-6.0999999,3.1500001,5,0.7,18.26,VA,Virginia
5224,5225,0.27133,0.39,0.1049,-6.0999999,3.1500001,5,0.7,18.26,VA,Virginia
5225,5226,0.27133,0.39,0.0969,-6.0999999,3.1500001,5,0.7,18.26,VA,Virginia
5226,5227,0.27133,0.39,0.0971,-6.0999999,3.1500001,5,0.7,18.26,VA,Virginia
5238,5239,0.0039,0.39,0.1004,-6.0999999,3.1500001,4,0.7,16.33,VA,Virginia
5239,5240,0.05929,0.39,0.1049,-6.0999999,3.1500001,5,0.7,18.26,VA,Virginia
5240,5241,0.05929,0.39,0.0995,-6.0999999,3.1500001,5,0.7,18.26,VA,Virginia
5241,5242,0.04309,0.39,0.1004,-6.0999999,3.1500001,4,0.7,16.33,VA,Virginia
5242,5243,0.04309,0.39,0.1004,-6.0999999,3.1500001,4,0.7,16.33,VA,Virginia
5243,5244,0.04309,0.39,0.1004,-6.0999999,3.1500001,4,0.7,16.33,VA,Virginia
5244,5245,0.02579,0.39,0.1004,-6.0999999,3.1500001,4,0.7,16.33,VA,Virginia
5245,5246,0.02579,0.39,0.1004,-6.0999999,3.1500001,4,0.7,16.33,VA,Virginia
5256,5257,0.00565,0.39,0.1004,-6.0999999,3.1500001,4,0.7,16.33,VA,Virginia
5257,5258,0.00565,0.39,0.1004,-6.0999999,3.1500001,4,0.7,16.33,VA,Virginia
5270,5271,0.02957,0.39,0.1004,-6.0999999,3.1500001,4,0.7,16.33,VA,Virginia
5271,5272,0.02957,0.39,0.1004,-6.0999999,3.1500001,4,0.7,16.33,VA,Virginia
5273,5274,0.00653,0.39,0.1004,-6.0999999,3.1500001,4,0.7,16.33,VA,Virginia
5283,5284,0.04923,0.49,0.0455,-1.7,3.05,3,1.3,24.49,VA,Virginia
5284,5285,0.00297,0.49,0.0477,-1.7,3.0999999,3,1.2,21.91,VA,Virginia
5286,5287,0.0774,0.39,0.0981,-6.0999999,3.1500001,4,0.7,16.33,VA,Virginia
5287,5288,0.0774,0.39,0.0986,-6.0999999,3.1500001,4,0.7,16.33,VA,Virginia
5288,5289,0.00916,0.49,0.0477,-1.7,3.0999999,3,1.2,21.91,VA,Virginia
5290,5291,0.02855,0.49,0.0464,-1.7,3.05,5,1.2,28.28,VA,Virginia
5292,5293,0.08022,0.39,0.0973,-6.0999999,3.1500001,4,0.7,16.33,VA,Virginia
5293,5294,0.08022,0.39,0.098,-6.0999999,3.1500001,4,0.7,16.33,VA,Virginia
5294,5295,0.00703,0.39,0.093,-6.0999999,3.1500001,4,0.7,16.33,VA,Virginia
5295,5296,0.00703,0.39,0.093,-6.0999999,3.1500001,4,0.7,16.33,VA,Virginia
5296,5297,0.01658,0.39,0.0917,-6.0999999,3.1500001,4,0.7,16.33,VA,Virginia
5297,5298,0.0726,0.39,0.0919,-6.0999999,3.1500001,4,0.7,16.33,VA,Virginia
5298,5299,0.01051,0.39,0.089,-6.0999999,3.1500001,4,0.7,16.33,VA,Virginia
5299,5300,0.01051,0.39,0.089,-6.0999999,3.1500001,4,0.7,16.33,VA,Virginia
5303,5304,0.03196,0.49,0.0416,-0.5,3.1500001,3,1.2,18.97,VA,Virginia
5304,5305,0.01467,0.49,0.0477,-1.7,3.0999999,3,1.2,21.91,VA,Virginia
5307,5308,0.00574,0.49,0.0391,-0.5,3.1500001,3,1.2,18.97,VA,Virginia
5308,5309,0.00574,0.49,0.0416,-0.5,3.1500001,3,1.2,18.97,VA,Virginia
5309,5310,0.00809,0.39,0.097,-6.0999999,3.1500001,4,0.7,16.33,VA,Virginia
5310,5311,0.00809,0.39,0.097,-6.0999999,3.1500001,4,0.7,16.33,VA,Virginia
5311,5312,0.01125,0.39,0.097,-6.0999999,3.1500001,4,0.7,16.33,VA,Virginia
5312,5313,0.00821,0.49,0.0477,-1.7,3.0999999,5,1.2,28.28,VA,Virginia
5313,5314,0.00821,0.49,0.0477,-1.7,3.0999999,5,1.2,28.28,VA,Virginia
5314,5315,0.01152,0.39,0.093,-6.0999999,3.1500001,4,0.7,16.33,VA,Virginia
5315,5316,0.01952,0.49,0.0456,-1.7,3.0999999,3,1.2,21.91,VA,Virginia
5316,5317,0.01952,0.49,0.0466,-1.7,3.0999999,3,1.2,21.91,VA,Virginia
5317,5318,0.0155,0.39,0.093,-6.0999999,3.1500001,4,0.7,16.33,VA,Virginia
5320,5321,0.01785,0.49,0.0386,-2.5999999,3.1500001,3,1.2,24.49,VA,Virginia
5321,5322,0.02458,0.49,0.0366,-2.5999999,3.1500001,3,1.2,24.49,VA,Virginia
5324,5325,0.00508,0.39,0.093,-6.0999999,3.1500001,4,0.7,16.33,VA,Virginia
5325,5326,0.00508,0.39,0.093,-6.0999999,3.1500001,4,0.7,16.33,VA,Virginia
5330,5331,0.01619,0.49,0.0477,-1.7,3.0999999,5,1.2,28.28,VA,Virginia
5331,5332,0.02195,0.39,0.093,-6.0999999,3.1500001,4,0.7,16.33,VA,Virginia
5339,5340,0.01906,0.49,0.0366,-1,3.1500001,3,1.2,24.49,VA,Virginia
5343,5344,0.00459,0.49,0.0366,-2.9000001,3.1500001,3,1.2,24.49,VA,Virginia
5349,5350,0.01107,0.49,0.0485,-2.5999999,3.1500001,3,0.9,21.21,VA,Virginia
5350,5351,0.08864,0.49,0.0497,-0.5,3.1500001,3,1.2,18.97,VA,Virginia
5351,5352,0.08864,0.49,0.0466,-0.5,3.1500001,3,1.2,18.97,VA,Virginia
5352,5353,0.00995,0.49,0.0425,-2.9000001,3.1500001,3,1.2,24.49,VA,Virginia
5357,5358,0.01116,0.49,0.0485,-2.5999999,3.1500001,3,1.2,24.49,VA,Virginia
5358,5359,0.01116,0.49,0.0485,-2.5999999,3.1500001,3,1.2,24.49,VA,Virginia
5365,5366,0.01187,0.49,0.0509,-2.5999999,3.1500001,3,1.2,24.49,VA,Virginia
5366,5367,0.01187,0.49,0.0509,-2.5999999,3.1500001,3,1.2,24.49,VA,Virginia
5373,5374,0.05962,0.49,0.0478,-0.5,3.1500001,3,1.2,18.97,VA,Virginia
5374,5375,0.05962,0.49,0.0509,-0.5,3.1500001,3,1.2,18.97,VA,Virginia
5375,5376,0.00438,0.39,0.084,-6.0999999,3.2,4,0.7,16.33,VA,Virginia
5376,5377,0.00892,0.49,0.0485,-2.5999999,3.1500001,3,1.2,24.49,VA,Virginia
5378,5379,0.00328,0.49,0.0455,-1,3.1500001,3,1.2,24.49,VA,Virginia
5379,5380,0.31943,0.39,0.0909,-6.0999999,3.1500001,4,0.7,16.33,VA,Virginia
5380,5381,0.31943,0.39,0.0868,-6.0999999,3.2,4,0.7,16.33,VA,Virginia
5381,5382,0.31943,0.39,0.0836,-6.0999999,3.2,4,0.7,16.33,VA,Virginia
5382,5383,0.31943,0.39,0.0927,-6.0999999,3.1500001,4,0.7,16.33,VA,Virginia
5383,5384,0.31943,0.39,0.084,-6.0999999,3.2,4,0.7,16.33,VA,Virginia
5384,5385,0.31943,0.39,0.084,-6.0999999,3.2,4,0.7,16.33,VA,Virginia
5385,5386,0.00494,0.49,0.0509,-2.5999999,3.1500001,3,1.2,24.49,VA,Virginia
5386,5387,0.00359,0.49,0.0509,-2.5999999,3.1500001,3,1.2,24.49,VA,Virginia
5387,5388,0.05214,0.49,0.0509,-0.5,3.1500001,5,1.2,24.49,VA,Virginia
5388,5389,0.05214,0.49,0.049,-0.5,3.0999999,5,1.2,24.49,VA,Virginia
5389,5390,0.05214,0.49,0.0509,-0.5,3.1500001,5,1.2,24.49,VA,Virginia
5390,5391,0.02804,0.49,0.0455,-1,3.1500001,3,1.2,24.49,VA,Virginia
5391,5392,0.02804,0.49,0.0455,-1,3.1500001,3,1.2,24.49,VA,Virginia
5392,5393,0.00328,0.49,0.0455,-1,3.1500001,3,1.2,24.49,VA,Virginia
5393,5394,0.01399,0.7,0.025,-6.4000001,3.2,3,0.9,24.49,VA,Virginia
5398,5399,0.00594,0.49,0.0509,-0.5,3.1500001,5,1.2,24.49,VA,Virginia
5399,5400,0.00665,0.49,0.0509,-2.5999999,3.1500001,3,1.2,24.49,VA,Virginia
5403,5404,0.1267,0.7,0.0255,-6.4000001,3.2,3,0.9,24.49,VA,Virginia
5404,5405,0.1267,0.7,0.0251,-6.4000001,3.2,3,0.9,24.49,VA,Virginia
5405,5406,0.1267,0.7,0.0276,-6.4000001,3.2,3,0.9,24.49,VA,Virginia
5406,5407,0.04434,0.49,0.0455,-2.5999999,3.1500001,3,1.2,24.49,VA,Virginia
5407,5408,0.04434,0.49,0.0485,-2.5999999,3.1500001,3,1.2,24.49,VA,Virginia
5408,5409,0.04434,0.49,0.0475,-2.5999999,3.1500001,3,1.2,24.49,VA,Virginia
5409,5410,0.04434,0.49,0.0485,-2.5999999,3.1500001,3,1.2,24.49,VA,Virginia
5410,5411,0.01347,0.7,0.0248,-6.4000001,3.2,3,0.9,24.49,VA,Virginia
5411,5412,0.01347,0.7,0.0248,-6.4000001,3.2,3,0.9,24.49,VA,Virginia
5419,5420,0.00552,0.49,0.0455,-1,3.1500001,3,1.2,24.49,VA,Virginia
5421,5422,0.0255,0.49,0.0455,-1,3.1500001,3,1.2,24.49,VA,Virginia
5422,5423,0.0255,0.49,0.0455,-1,3.1500001,3,1.2,24.49,VA,Virginia
5423,5424,0.00942,0.49,0.0465,-1,3.1500001,3,1.2,24.49,VA,Virginia
5424,5425,0.00942,0.49,0.0485,-1,3.1500001,3,1.2,24.49,VA,Virginia
5425,5426,0.01518,0.49,0.0509,-2.5999999,3.1500001,3,1.2,24.49,VA,Virginia
5426,5427,0.02414,0.49,0.0485,-2.5999999,3.1500001,3,1.2,24.49,VA,Virginia
5427,5428,0.01048,0.49,0.0509,-2.5999999,3.1500001,5,1.2,31.62,VA,Virginia
5428,5429,0.14496,0.37,0.0816,-6.0999999,3.2,4,0.7,16.33,VA,Virginia
5429,5430,0.14496,0.37,0.0796,-6.0999999,3.2,4,1.1,23.09,VA,Virginia
5430,5431,0.14496,0.39,0.0826,-6.0999999,3.2,4,0.7,16.33,VA,Virginia
5431,5432,0.14496,0.37,0.0796,-6.0999999,3.2,4,0.9,20,VA,Virginia
5433,5434,0.02608,0.49,0.0491,-2.5999999,3.1500001,3,1.2,24.49,VA,Virginia
5434,5435,0.02608,0.49,0.0509,-2.5999999,3.1500001,3,1.2,24.49,VA,Virginia
5435,5436,0.01502,0.49,0.0485,-2.5999999,3.1500001,3,1.2,24.49,VA,Virginia
5436,5437,0.00794,0.49,0.0485,-1,3.1500001,3,1.2,24.49,VA,Virginia
5437,5438,0.00368,0.49,0.0418,-2.9000001,3.1500001,3,1.2,24.49,VA,Virginia
5438,5439,0.01196,0.39,0.0916,-2.8,3.1500001,4,0.5,11.55,VA,Virginia
5439,5440,0.00608,0.49,0.043,-2.9000001,3.1500001,3,1.2,24.49,VA,Virginia
5441,5442,0.02858,0.49,0.0493,-2.5999999,3.1500001,3,1.2,24.49,VA,Virginia
5442,5443,0.02858,0.49,0.0509,-2.5999999,3.1500001,3,1.2,24.49,VA,Virginia
5446,5447,0.01572,0.49,0.0485,-2.5999999,3.1500001,3,1.2,24.49,VA,Virginia
5447,5448,0.01455,0.49,0.0509,-2.5999999,3.1500001,5,1.2,31.62,VA,Virginia
5448,5449,0.04001,0.49,0.0455,-2.9000001,3.1500001,3,1.2,24.49,VA,Virginia
5449,5450,0.00637,0.49,0.043,-2.9000001,3.1500001,3,1.2,24.49,VA,Virginia
5450,5451,0.0405,0.49,0.0455,-2.9000001,3.1500001,3,1.2,24.49,VA,Virginia
5451,5452,0.01679,0.49,0.0494,-2.5999999,3.1500001,3,1.2,24.49,VA,Virginia
5452,5453,0.05596,0.49,0.0459,-1,3.1500001,3,1.2,24.49,VA,Virginia
5453,5454,0.00312,0.49,0.0486,-2.9000001,3.1500001,3,1.2,24.49,VA,Virginia
5454,5455,0.0603,0.7,0.0257,-6.4000001,3.2,3,0.9,24.49,VA,Virginia
5456,5457,0.01009,0.49,0.052,-2.5999999,3.1500001,3,1.2,24.49,VA,Virginia
5457,5458,0.09032,0.37,0.0762,-6.0999999,3.2,4,0.9,20,VA,Virginia
5458,5459,0.09032,0.37,0.0714,-6.0999999,3.25,4,0.9,20,VA,Virginia
5459,5460,0.02049,0.7,0.0303,-6.4000001,3.2,3,0.9,24.49,VA,Virginia
5460,5461,0.06621,0.39,0.0872,-2.8,3.1500001,4,0.5,11.55,VA,Virginia
5461,5462,0.06621,0.39,0.0877,-2.8,3.1500001,4,0.5,11.55,VA,Virginia
5462,5463,0.08022,0.7,0.0279,-6.4000001,3.2,3,0.9,24.49,VA,Virginia
5463,5464,0.08022,0.7,0.0303,-6.4000001,3.2,3,0.9,24.49,VA,Virginia
5464,5465,0.02813,0.49,0.0485,-1,3.1500001,3,1.2,24.49,VA,Virginia
5465,5466,0.02813,0.49,0.0485,-1,3.1500001,3,1.2,24.49,VA,Virginia
5466,5467,0.00407,0.37,0.0711,-6.0999999,3.25,4,0.9,20,VA,Virginia
5467,5468,0.00407,0.37,0.0711,-6.0999999,3.25,4,0.9,20,VA,Virginia
5468,5469,0.01011,0.49,0.0532,-5.3000002,3.1500001,3,1.2,24.49,VA,Virginia
5469,5470,0.01011,0.49,0.0532,-5.3000002,3.1500001,3,1.2,24.49,VA,Virginia
5470,5471,0.03077,0.7,0.0278,-6.4000001,3.25,3,0.9,24.49,VA,Virginia
5471,5472,0.03077,0.7,0.0284,-6.4000001,3.25,3,0.9,24.49,VA,Virginia
5472,5473,0.01522,0.39,0.0863,-2.8,3.1500001,4,0.5,11.55,VA,Virginia
5473,5474,0.01522,0.39,0.0863,-2.8,3.1500001,4,0.5,11.55,VA,Virginia
5474,5475,0.01522,0.39,0.0863,-2.8,3.1500001,4,0.5,11.55,VA,Virginia
5475,5476,0.03442,0.49,0.052,-1,3.1500001,3,1.2,24.49,VA,Virginia
5476,5477,0.03442,0.49,0.0532,-1,3.1500001,3,1.2,24.49,VA,Virginia
5477,5478,0.03442,0.49,0.0517,-1,3.1500001,3,1.2,24.49,VA,Virginia
5478,5479,0.00433,0.49,0.0517,-1,3.1500001,3,1.2,24.49,VA,Virginia
5479,5480,0.00433,0.49,0.0517,-1,3.1500001,3,1.2,24.49,VA,Virginia
5480,5481,0.00317,0.49,0.0532,-5.3000002,3.1500001,3,1.2,24.49,VA,Virginia
5481,5482,0.03643,0.7,0.0303,-6.4000001,3.2,3,0.9,24.49,VA,Virginia
5482,5483,0.03643,0.7,0.0303,-6.4000001,3.2,3,0.9,24.49,VA,Virginia
5483,5484,0.03643,0.7,0.0303,-6.4000001,3.25,3,0.9,24.49,VA,Virginia
5484,5485,0.03643,0.7,0.0303,-6.4000001,3.2,3,0.9,24.49,VA,Virginia
5485,5486,0.00652,0.49,0.0532,-2.5999999,3.1500001,5,1.2,31.62,VA,Virginia
5486,5487,0.00608,0.49,0.0532,-5.3000002,3.1500001,5,1.2,31.62,VA,Virginia
5487,5488,0.02635,0.49,0.053,-2.5999999,3.1500001,5,1.2,31.62,VA,Virginia
5488,5489,0.02635,0.49,0.0527,-2.5999999,3.1500001,5,1.2,31.62,VA,Virginia
5489,5490,0.02635,0.49,0.0532,-2.5999999,3.1500001,5,1.2,31.62,VA,Virginia
5490,5491,0.02635,0.49,0.0527,-2.5999999,3.1500001,5,1.2,31.62,VA,Virginia
5491,5492,0.00456,0.49,0.0532,-1,3.1500001,3,1.2,24.49,VA,Virginia
5492,5493,0.022,0.49,0.0504,-2.9000001,3.1500001,3,1.2,24.49,VA,Virginia
5493,5494,0.022,0.49,0.0517,-2.9000001,3.2,3,1.2,24.49,VA,Virginia
5494,5495,0.022,0.49,0.0517,-2.9000001,3.2,3,1.2,24.49,VA,Virginia
5495,5496,0.01521,0.49,0.0532,-5.3000002,3.1500001,3,1.2,24.49,VA,Virginia
5496,5497,0.00301,0.49,0.0508,-2.9000001,3.2,3,1.2,24.49,VA,Virginia
5497,5498,0.00279,0.49,0.0508,-2.9000001,3.2,3,1.2,24.49,VA,Virginia
5498,5499,0.02521,0.49,0.052,-2.5999999,3.1500001,5,1.2,31.62,VA,Virginia
5499,5500,0.02521,0.49,0.0527,-2.5999999,3.1500001,5,1.2,31.62,VA,Virginia
5500,5501,0.04356,0.49,0.0459,-2.9000001,3.2,3,1.2,24.49,VA,Virginia
5501,5502,0.04356,0.49,0.0499,-2.9000001,3.2,3,1.2,24.49,VA,Virginia
5502,5503,0.00395,0.49,0.0517,-2.9000001,3.1500001,5,1.2,31.62,VA,Virginia
5503,5504,0.01676,0.49,0.0517,-2.9000001,3.2,3,1.2,24.49,VA,Virginia
5504,5505,0.01676,0.49,0.0517,-2.9000001,3.2,3,1.2,24.49,VA,Virginia
5505,5506,0.00204,0.49,0.0499,-2.9000001,3.2,3,1.2,24.49,VA,Virginia
5506,5507,0.00788,0.49,0.0527,-2.5999999,3.1500001,5,1.2,31.62,VA,Virginia
5510,5511,0.00453,0.39,0.0926,-2.8,3.1500001,4,0.5,11.55,VA,Virginia
5511,5512,0.00453,0.39,0.0926,-2.8,3.1500001,4,0.5,11.55,VA,Virginia
5512,5513,0.05973,0.39,0.0939,-2.8,3.1500001,4,0.5,11.55,VA,Virginia
5513,5514,0.05973,0.39,0.0926,-2.8,3.1500001,4,0.5,11.55,VA,Virginia
5517,5518,0.01047,0.49,0.0527,-2.5999999,3.1500001,5,1.2,31.62,VA,Virginia
5518,5519,0.00581,0.49,0.0532,-1,3.1500001,5,1.2,31.62,VA,Virginia
5519,5520,0.06733,0.49,0.0476,-2.9000001,3.2,3,1.2,24.49,VA,Virginia
5520,5521,0.06733,0.49,0.0499,-2.9000001,3.2,3,1.2,24.49,VA,Virginia
5521,5522,0.01363,0.49,0.0517,-1,3.1500001,5,1.2,31.62,VA,Virginia
5522,5523,0.01316,0.37,0.0711,-6.0999999,3.25,4,0.9,20,VA,Virginia
5523,5524,0.01316,0.37,0.0711,-6.0999999,3.25,4,0.9,20,VA,Virginia
5524,5525,0.00677,0.49,0.0532,-5.3000002,3.1500001,5,1.2,31.62,VA,Virginia
5525,5526,0.02909,0.49,0.0531,-5.3000002,3.1500001,5,1.2,31.62,VA,Virginia
5526,5527,0.02909,0.49,0.0527,-5.3000002,3.1500001,5,1.2,31.62,VA,Virginia
5527,5528,0.01828,0.49,0.0499,-2.9000001,3.2,3,1.2,24.49,VA,Virginia
5528,5529,0.01478,0.49,0.0532,-1,3.1500001,5,1.2,31.62,VA,Virginia
5529,5530,0.06667,0.7,0.0303,-6.4000001,3.25,3,0.9,24.49,VA,Virginia
5530,5531,0.24865,0.37,0.0765,-6.0999999,3.25,4,0.9,20,VA,Virginia
5531,5532,0.24865,0.37,0.0741,-6.0999999,3.25,4,0.9,20,VA,Virginia
5532,5533,0.24865,0.37,0.0783,-6.0999999,3.25,4,0.9,20,VA,Virginia
5533,5534,0.24865,0.37,0.0757,-6.0999999,3.25,4,0.9,20,VA,Virginia
5534,5535,0.00591,0.49,0.0499,-2.9000001,3.2,3,1.2,24.49,VA,Virginia
5535,5536,0.00591,0.49,0.0499,-2.9000001,3.2,3,1.2,24.49,VA,Virginia
5536,5537,0.02103,0.49,0.053,-5.3000002,3.1500001,5,1.2,31.62,VA,Virginia
5537,5538,0.02103,0.49,0.0527,-5.3000002,3.1500001,5,1.2,31.62,VA,Virginia
5538,5539,0.0171,0.49,0.0517,-2.9000001,3.2,5,1.2,31.62,VA,Virginia
5539,5540,0.02317,0.49,0.0499,-2.9000001,3.2,3,1.2,24.49,VA,Virginia
5540,5541,0.02485,0.49,0.0532,-5.3000002,3.1500001,5,1.2,31.62,VA,Virginia
5541,5542,0.02956,0.49,0.0499,-2.9000001,3.2,3,1.2,24.49,VA,Virginia
5542,5543,0.00694,0.49,0.0499,-2.9000001,3.2,3,1.2,24.49,VA,Virginia
5543,5544,0.00398,0.49,0.0499,-2.9000001,3.2,3,1.2,24.49,VA,Virginia
5544,5545,0.08603,0.39,0.0911,-1.1,3.2,4,0.7,16.33,VA,Virginia
5545,5546,0.08603,0.39,0.0889,-1.1,3.2,4,0.7,16.33,VA,Virginia
5546,5547,0.00474,0.39,0.0889,-1.1,3.2,4,0.7,16.33,VA,Virginia
5547,5548,0.00582,0.49,0.0499,-2.9000001,3.2,3,1.2,24.49,VA,Virginia
5548,5549,0.11071,0.39,0.0998,-2.8,3.1500001,4,0.5,11.55,VA,Virginia
5549,5550,0.11071,0.39,0.0953,-2.8,3.1500001,4,0.5,11.55,VA,Virginia
5550,5551,0.01759,0.7,0.0316,-6.4000001,3.25,3,0.9,24.49,VA,Virginia
5551,5552,0.00388,0.49,0.0526,-2.9000001,3.2,3,1.2,24.49,VA,Virginia
5552,5553,0.01278,0.39,0.0896,-6.0999999,3.2,4,0.7,16.33,VA,Virginia
5553,5554,0.01196,0.49,0.0526,-2.9000001,3.2,3,1.2,24.49,VA,Virginia
5554,5555,0.00255,0.49,0.0552,-2.9000001,3.2,3,1.2,20,VA,Virginia
5555,5556,0.11989,0.39,0.0889,-6.0999999,3.2,4,0.7,16.33,VA,Virginia
5556,5557,0.11989,0.39,0.0872,-6.0999999,3.2,4,0.7,16.33,VA,Virginia
5557,5558,0.11989,0.37,0.0868,-6.0999999,3.3,4,0.7,16.33,VA,Virginia
5558,5559,0.00971,0.37,0.0838,-6.0999999,3.3,4,0.9,20,VA,Virginia
5559,5560,0.05748,0.7,0.0339,-6.4000001,3.25,3,0.9,24.49,VA,Virginia
5560,5561,0.00269,0.7,0.0353,-1.83,3.25,3,0,12.25,VA,Virginia
5561,5562,0.0034,0.49,0.0552,-6.4000001,3.25,3,1.2,20,VA,Virginia
5562,5563,0.00637,0.49,0.0552,-2.9000001,3.2,3,1.2,20,VA,Virginia
5563,5564,0.03155,0.49,0.0543,-2.9000001,3.2,5,1.2,31.62,VA,Virginia
5564,5565,0.03155,0.49,0.0517,-2.9000001,3.2,5,1.2,31.62,VA,Virginia
5565,5566,0.00328,0.37,0.0838,-6.0999999,3.3,4,0.9,20,VA,Virginia
5566,5567,0.02587,0.37,0.0838,-6.0999999,3.3,4,0.9,20,VA,Virginia
5567,5568,0.07464,0.37,0.0718,-6.0999999,3.3,4,0.9,20,VA,Virginia
5568,5569,0.07464,0.37,0.0763,-6.0999999,3.3,4,0.9,20,VA,Virginia
5569,5570,0.01498,0.49,0.0552,-2.9000001,3.2,3,1.2,20,VA,Virginia
5570,5571,0.01498,0.49,0.0552,-2.9000001,3.25,3,1.2,20,VA,Virginia
5571,5572,0.00676,0.39,0.0879,-1.1,3.2,4,0.7,16.33,VA,Virginia
5572,5573,0.00676,0.39,0.0879,-1.1,3.2,4,0.7,16.33,VA,Virginia
5573,5574,0.00448,0.47,0.039,-6.0999999,3.25,3,0.9,21.21,VA,Virginia
5574,5575,0.00448,0.47,0.039,-6.0999999,3.25,3,0.9,21.21,VA,Virginia
5575,5576,0.0559,0.39,0.0907,-1.1,3.2,4,0.7,16.33,VA,Virginia
5576,5577,0.0559,0.39,0.0911,-1.1,3.2,4,0.7,16.33,VA,Virginia
5577,5578,0.00942,0.49,0.0552,-6.4000001,3.25,3,1.2,20,VA,Virginia
5578,5579,0.00942,0.49,0.0552,-6.4000001,3.25,3,1.2,20,VA,Virginia
5579,5580,0.0045,0.49,0.0552,-6.4000001,3.25,3,1.2,20,VA,Virginia
5580,5581,0.0045,0.49,0.0552,-6.4000001,3.25,3,1.2,20,VA,Virginia
5581,5582,0.01941,0.49,0.0543,-6.4000001,3.25,3,1.2,24.49,VA,Virginia
5582,5583,0.01941,0.49,0.0541,-6.4000001,3.25,3,1.2,24.49,VA,Virginia
5583,5584,0.00409,0.49,0.0552,-6.4000001,3.25,3,1.2,20,VA,Virginia
5584,5585,0.01366,0.39,0.0879,-1.1,3.3499999,4,0.7,16.33,VA,Virginia
5585,5586,0.0083,0.37,0.0763,-6.0999999,3.3,4,0.9,20,VA,Virginia
5586,5587,0.00872,0.47,0.039,-6.0999999,3.25,3,0.9,21.21,VA,Virginia
5587,5588,0.00743,0.39,0.0879,-1.1,3.3499999,4,0.7,16.33,VA,Virginia
5588,5589,0.00789,0.49,0.0552,-6.4000001,3.25,3,1.2,20,VA,Virginia
5589,5590,0.00281,0.49,0.0552,-6.4000001,3.25,3,1.2,20,VA,Virginia
5590,5591,0.00281,0.49,0.0552,-6.4000001,3.25,3,1.2,20,VA,Virginia
5591,5592,0.01869,0.49,0.0552,-2.9000001,3.2,5,1.2,25.82,VA,Virginia
5592,5593,0.01869,0.49,0.0552,-2.9000001,3.2,5,1.2,25.82,VA,Virginia
5593,5594,0.00818,0.39,0.0879,-1.1,3.3499999,4,0.7,16.33,VA,Virginia
5594,5595,0.00818,0.39,0.0879,-1.1,3.3499999,4,0.7,16.33,VA,Virginia
5595,5596,0.08103,0.39,0.0863,-2.8,3.1500001,4,0.5,11.55,VA,Virginia
5596,5597,0.08103,0.39,0.09,-2.8,3.1500001,4,0.5,11.55,VA,Virginia
5597,5598,0.08103,0.39,0.0926,-2.8,3.1500001,4,0.5,11.55,VA,Virginia
5598,5599,0.02636,0.47,0.039,-6.0999999,3.25,3,0.9,21.21,VA,Virginia
5599,5600,0.02636,0.47,0.039,-6.0999999,3.25,3,0.9,21.21,VA,Virginia
5600,5601,0.02636,0.47,0.039,-6.0999999,3.25,3,0.9,21.21,VA,Virginia
5601,5602,0.01746,0.49,0.0552,-6.4000001,3.25,3,1.2,20,VA,Virginia
5602,5603,0.00698,0.49,0.0552,-6.4000001,3.25,3,1.2,20,VA,Virginia
5603,5604,0.00808,0.7,0.0353,-1.83,3.25,3,0.9,21.21,VA,Virginia
5604,5605,0.03596,0.7,0.0353,-7.1999998,3.25,3,0.9,21.21,VA,Virginia
5605,5606,0.03596,0.7,0.0353,-7.1999998,3.25,3,0.9,21.21,VA,Virginia
5606,5607,0.01306,0.47,0.039,-6.0999999,3.25,3,0.9,21.21,VA,Virginia
5607,5608,0.01306,0.47,0.039,-6.0999999,3.25,3,0.9,21.21,VA,Virginia
5608,5609,0.01286,0.7,0.0353,-1.83,3.25,3,0.9,21.21,VA,Virginia
5609,5610,0.01799,0.49,0.0552,-6.4000001,3.25,5,1.2,25.82,VA,Virginia
5610,5611,0.03115,0.7,0.0353,-1.83,3.25,3,0.9,21.21,VA,Virginia
5611,5612,0.03115,0.7,0.0353,-1.83,3.25,3,0.9,21.21,VA,Virginia
5612,5613,0.05337,0.37,0.0879,-6.0999999,3.3499999,4,1.1,23.09,VA,Virginia
5613,5614,0.05337,0.37,0.0874,-6.0999999,3.3499999,4,0.9,20,VA,Virginia
5614,5615,0.00335,0.37,0.0879,-6.0999999,3.3499999,4,0.9,20,VA,Virginia
5615,5616,0.01997,0.49,0.0545,-6.4000001,3.25,3,1.2,24.49,VA,Virginia
5616,5617,0.08135,0.37,0.0838,-6.0999999,3.3,4,0.9,20,VA,Virginia
5617,5618,0.08135,0.37,0.0838,-6.0999999,3.3,4,0.9,20,VA,Virginia
5618,5619,0.08135,0.37,0.0838,-6.0999999,3.3,4,0.9,20,VA,Virginia
5619,5620,0.08135,0.37,0.0838,-6.0999999,3.3499999,4,0.9,20,VA,Virginia
5620,5621,0.01573,0.49,0.0552,-6.4000001,3.25,5,1.2,25.82,VA,Virginia
5621,5622,0.00233,0.49,0.0552,-6.4000001,3.25,3,1.2,20,VA,Virginia
5622,5623,0.01897,0.39,0.0926,-2.8,3.1500001,4,0.5,11.55,VA,Virginia
5623,5624,0.01369,0.47,0.039,-6.0999999,3.25,3,0.9,21.21,VA,Virginia
5624,5625,0.01369,0.47,0.039,-6.0999999,3.25,3,0.9,21.21,VA,Virginia
5625,5626,0.00632,0.37,0.0838,-1.1,3.3499999,4,0.9,20,VA,Virginia
5626,5627,0.04203,0.49,0.0541,-6.4000001,3.25,3,1.2,24.49,VA,Virginia
5627,5628,0.0149,0.37,0.0879,-1.1,3.3499999,4,0.9,20,VA,Virginia
5628,5629,0.01209,0.37,0.0852,-1.1,3.3499999,4,0.9,20,VA,Virginia
5629,5630,0.14728,0.39,0.0948,-2.8,3.1500001,4,0.5,11.55,VA,Virginia
5630,5631,0.14728,0.39,0.0982,-2.8,3.1500001,4,0.5,11.55,VA,Virginia
5631,5632,0.14728,0.39,0.1008,-2.8,3.1500001,4,0.5,11.55,VA,Virginia
5632,5633,0.09495,0.37,0.0838,-6.0999999,3.3,4,0.9,20,VA,Virginia
5633,5634,0.09495,0.37,0.0796,-6.0999999,3.3,4,0.9,20,VA,Virginia
5634,5635,0.03375,0.49,0.0542,-6.4000001,3.25,3,1.2,24.49,VA,Virginia
5635,5636,0.00771,0.47,0.039,-6.0999999,3.25,3,0.9,21.21,VA,Virginia
5636,5637,0.00253,0.49,0.0541,-6.4000001,3.25,3,1.1,24.49,VA,Virginia
5637,5638,0.00915,0.7,0.0328,-1.83,3.3,3,0.9,24.49,VA,Virginia
5638,5639,0.01304,0.49,0.055,-6.4000001,3.25,3,1.2,20,VA,Virginia
5639,5640,0.00365,0.7,0.0366,-1.83,3.3,3,0.9,21.21,VA,Virginia
5640,5641,0.01533,0.39,0.0863,-1.1,3.3499999,4,0.7,16.33,VA,Virginia
5641,5642,0.04546,0.47,0.0385,-6.0999999,3.25,3,0.9,21.21,VA,Virginia
5642,5643,0.02412,0.47,0.039,-6.0999999,3.25,3,0.9,21.21,VA,Virginia
5643,5644,0.02412,0.47,0.0378,-6.0999999,3.25,3,0.9,21.21,VA,Virginia
5644,5645,0.01475,0.49,0.0555,-6.4000001,3.25,3,1.2,20,VA,Virginia
5645,5646,0.03766,0.37,0.0829,-1.1,3.3499999,4,0.9,20,VA,Virginia
5646,5647,0.00843,0.7,0.0366,-6.0999999,3.3,3,0.9,21.21,VA,Virginia
5647,5648,0.01332,0.7,0.0354,-6.0999999,3.3,3,0.9,21.21,VA,Virginia
5648,5649,0.0307,0.7,0.0352,-6.0999999,3.3499999,3,0.9,21.21,VA,Virginia
5649,5650,0.0033,0.7,0.0363,-6.0999999,3.3499999,3,0.9,21.21,VA,Virginia
5650,5651,0.02412,0.55,0.0363,-6.0999999,3.3499999,3,0.9,21.21,VA,Virginia
5651,5652,0.02412,0.7,0.0363,-6.0999999,3.3499999,3,0.9,21.21,VA,Virginia
5652,5653,0.02412,0.55,0.0363,-6.0999999,3.3499999,3,0.9,21.21,VA,Virginia
5653,5654,0.02867,0.49,0.0562,-6.4000001,3.25,5,1.2,25.82,VA,Virginia
5654,5655,0.02867,0.49,0.0575,-6.4000001,3.25,5,1.2,25.82,VA,Virginia
5655,5656,0.00631,0.7,0.0365,-6.0999999,3.3499999,3,0.9,21.21,VA,Virginia
5656,5657,0.01219,0.7,0.0366,-6.0999999,3.3,3,0.9,21.21,VA,Virginia
5657,5658,0.01219,0.7,0.0366,-6.0999999,3.3,3,0.9,21.21,VA,Virginia
5658,5659,0.03746,0.39,0.0917,-2.8,3.1500001,4,0.5,11.55,VA,Virginia
5659,5660,0.03746,0.39,0.0926,-2.8,3.1500001,4,0.5,11.55,VA,Virginia
5660,5661,0.04586,0.39,0.0864,-1.1,3.3499999,4,0.7,16.33,VA,Virginia
5661,5662,0.04586,0.39,0.0863,-1.1,3.3499999,4,0.7,16.33,VA,Virginia
5662,5663,0.04586,0.39,0.0858,-1.1,3.3499999,4,0.7,16.33,VA,Virginia
5663,5664,0.00943,0.55,0.0372,-6.0999999,3.3499999,3,0.9,21.21,VA,Virginia
5664,5665,0.03527,0.7,0.0363,-6.0999999,3.3499999,3,0.9,21.21,VA,Virginia
5665,5666,0.03527,0.7,0.0363,-6.0999999,3.3499999,3,0.9,21.21,VA,Virginia
5666,5667,0.07037,0.55,0.0342,-6.0999999,3.25,3,0.9,24.49,VA,Virginia
5667,5668,0.07037,0.55,0.0354,-6.0999999,3.3499999,3,0.9,21.21,VA,Virginia
5668,5669,0.10479,0.39,0.1006,-2.8,3.1500001,4,0.5,11.55,VA,Virginia
5669,5670,0.10479,0.39,0.1007,-2.8,3.1500001,4,0.5,11.55,VA,Virginia
5670,5671,0.10479,0.39,0.0997,-2.8,3.1500001,4,0.5,11.55,VA,Virginia
5671,5672,0.00758,0.39,0.0998,-2.8,3.45,4,0.5,12.91,VA,Virginia
5672,5673,0.0302,0.39,0.0827,-1.1,3.3499999,4,0.9,20,VA,Virginia
5673,5674,0.00288,0.7,0.0366,-6.0999999,3.3,3,0.9,21.21,VA,Virginia
5674,5675,0.15878,0.7,0.0353,-1.83,3.25,3,0.9,21.21,VA,Virginia
5675,5676,0.15878,0.7,0.0353,-1.83,3.25,3,0.9,21.21,VA,Virginia
5676,5677,0.15878,0.7,0.0335,-1.83,3.3,3,0.9,24.49,VA,Virginia
5677,5678,0.15878,0.7,0.0387,-1.83,3.3,3,0.9,21.21,VA,Virginia
5678,5679,0.15878,0.7,0.0422,-1.83,3.3,3,0.9,21.21,VA,Virginia
5679,5680,0.02982,0.39,0.0973,-2.8,3.1500001,4,0.5,11.55,VA,Virginia
5680,5681,0.02982,0.39,0.0973,-2.8,3.1500001,4,0.5,11.55,VA,Virginia
5681,5682,0.01609,0.7,0.0394,-6.0999999,3.3,3,0.9,21.21,VA,Virginia
5682,5683,0.01315,0.49,0.0575,-7.1999998,3.25,5,1.2,25.82,VA,Virginia
5683,5684,0.01324,0.7,0.0366,-6.0999999,3.3499999,3,0.9,21.21,VA,Virginia
5684,5685,0.018,0.7,0.0366,-6.0999999,3.3,3,0.9,21.21,VA,Virginia
5685,5686,0.018,0.7,0.0366,-6.0999999,3.3,3,0.9,21.21,VA,Virginia
5686,5687,0.04331,0.37,0.0809,-1.1,3.3499999,4,0.9,20,VA,Virginia
5687,5688,0.04331,0.37,0.0809,-1.1,3.3499999,4,0.9,20,VA,Virginia
5688,5689,0.00907,0.37,0.0809,-1.1,3.3499999,4,0.9,20,VA,Virginia
5689,5690,0.02004,0.55,0.0363,-6.0999999,3.3499999,3,0.9,21.21,VA,Virginia
5690,5691,0.01854,0.7,0.0366,-6.0999999,3.3,3,0.9,21.21,VA,Virginia
5691,5692,0.01924,0.55,0.0381,-6.0999999,3.3499999,3,0.9,21.21,VA,Virginia
5692,5693,0.02383,0.55,0.0369,-6.0999999,3.3499999,3,0.9,21.21,VA,Virginia
5693,5694,0.02383,0.55,0.0363,-6.0999999,3.3499999,3,0.9,21.21,VA,Virginia
5694,5695,0.00655,0.55,0.0366,-6.0999999,3.3499999,3,0.9,21.21,VA,Virginia
5695,5696,0.00655,0.55,0.0366,-6.0999999,3.3499999,3,0.9,21.21,VA,Virginia
5696,5697,0.00348,0.39,0.0858,-1.1,3.3499999,4,0.7,16.33,VA,Virginia
5697,5698,0.004,0.39,0.0809,-1.1,3.3499999,4,0.9,20,VA,Virginia
5698,5699,0.02017,0.37,0.0809,-1.1,3.3499999,4,0.9,20,VA,Virginia
5699,5700,0.02017,0.37,0.0809,-1.1,3.3499999,4,0.9,20,VA,Virginia
5700,5701,0.01722,0.55,0.0363,-6.0999999,3.3499999,3,0.9,21.21,VA,Virginia
5701,5702,0.02877,0.55,0.0366,-6.0999999,3.3499999,3,0.9,21.21,VA,Virginia
5702,5703,0.00787,0.55,0.0366,-6.0999999,3.3499999,3,0.9,21.21,VA,Virginia
5703,5704,0.02357,0.37,0.0809,-1.1,3.3499999,4,0.9,20,VA,Virginia
5704,5705,0.08998,0.49,0.0575,-7.1999998,3.25,3,1.2,20,VA,Virginia
5705,5706,0.08998,1.26,0.057,-7.1999998,3.3,3,1.1,17.89,VA,Virginia
5706,5707,0.08998,0.49,0.0575,-7.1999998,3.3,3,1.1,20,VA,Virginia
5707,5708,0.0661,0.55,0.0363,-6.0999999,3.3499999,3,0.9,21.21,VA,Virginia
5708,5709,0.0661,0.55,0.0363,-6.0999999,3.3499999,3,0.9,21.21,VA,Virginia
5709,5710,0.06357,0.49,0.0575,-7.1999998,3.25,3,1.2,20,VA,Virginia
5710,5711,0.06357,1.26,0.0572,-7.1999998,3.3,3,1.1,17.89,VA,Virginia
5711,5712,0.06357,0.49,0.0575,-7.1999998,3.3,3,1.1,20,VA,Virginia
5712,5713,0.01042,1.26,0.0563,-7.1999998,3.3,3,1.1,17.89,VA,Virginia
5713,5714,0.00389,1.26,0.057,-1.83,3.3,3,1.1,17.89,VA,Virginia
5714,5715,0.03226,0.39,0.0833,-1.1,3.4000001,4,0.7,18.26,VA,Virginia
5715,5716,0.04506,0.49,0.0575,-7.1999998,3.3,5,1.1,25.82,VA,Virginia
5716,5717,0.00761,1.26,0.0577,-1.83,3.3,3,1.1,17.89,VA,Virginia
5717,5718,0.00236,1.26,0.0577,-1.83,3.3,3,1.1,17.89,VA,Virginia
5718,5719,0.00722,1.26,0.0577,-1.83,3.3,3,1.1,17.89,VA,Virginia
5719,5720,0.09595,0.39,0.0976,-2.8,3.45,4,0.5,12.91,VA,Virginia
5720,5721,0.09595,0.39,0.0947,-2.8,3.45,4,0.5,12.91,VA,Virginia
5721,5722,0.01833,1.26,0.0568,-1.83,3.3,3,1.1,17.89,VA,Virginia
5722,5723,0.0187,1.26,0.0568,-1.83,3.3,3,1.1,17.89,VA,Virginia
5723,5724,0.0046,0.39,0.0753,-1.1,3.4000001,4,0.9,22.36,VA,Virginia
5724,5725,0.03414,0.39,0.079,-1.1,3.4000001,4,0.9,22.36,VA,Virginia
5725,5726,0.1096,0.39,0.0998,-2.8,3.45,4,0.5,12.91,VA,Virginia
5726,5727,0.1096,0.39,0.0966,-2.8,3.45,4,0.5,12.91,VA,Virginia
5727,5728,0.03005,0.39,0.0836,-1.1,3.4000001,4,0.7,18.26,VA,Virginia
5728,5729,0.01008,0.39,0.0838,-2.8,3.45,4,0.7,18.26,VA,Virginia
5729,5730,0.00597,0.39,0.0838,-2.8,3.45,4,0.7,18.26,VA,Virginia
5730,5731,0.00597,0.39,0.0838,-2.8,3.45,4,0.7,18.26,VA,Virginia
5731,5732,0.00518,0.39,0.0838,-1.1,3.45,4,0.7,18.26,VA,Virginia
5732,5733,0.00684,0.39,0.0838,-1.1,3.45,4,0.7,18.26,VA,Virginia
5733,5734,0.00684,0.39,0.0838,-1.1,3.45,4,0.7,18.26,VA,Virginia
5734,5735,0.00703,0.55,0.039,-6.0999999,3.3499999,3,0.9,21.21,VA,Virginia
5735,5736,0.03664,0.55,0.038,-6.0999999,3.3499999,3,0.9,21.21,VA,Virginia
5736,5737,0.03664,0.55,0.039,-6.0999999,3.3499999,3,0.9,21.21,VA,Virginia
5737,5738,0.01062,0.55,0.0396,-6.0999999,3.3499999,4,0.9,24.49,VA,Virginia
5738,5739,0.01062,0.55,0.0396,-6.0999999,3.3499999,4,0.9,24.49,VA,Virginia
5739,5740,0.03329,0.55,0.0378,-6.0999999,3.3499999,3,0.9,21.21,VA,Virginia
5740,5741,0.03329,0.55,0.0416,-6.0999999,3.3499999,3,0.9,21.21,VA,Virginia
5741,5742,0.00524,1.26,0.0577,-1.83,3.3,3,1.1,17.89,VA,Virginia
5742,5743,0.00524,1.26,0.0577,-1.83,3.3,3,1.1,17.89,VA,Virginia
5743,5744,0.01893,0.55,0.039,-6.0999999,3.3499999,4,0.9,24.49,VA,Virginia
5744,5745,0.01893,0.55,0.039,-6.0999999,3.3499999,4,0.9,24.49,VA,Virginia
5745,5746,0.00873,0.55,0.0401,-6.0999999,3.3499999,4,0.9,24.49,VA,Virginia
5746,5747,0.01073,0.55,0.039,-6.0999999,3.3499999,3,0.9,21.21,VA,Virginia
5747,5748,0.01073,0.55,0.039,-6.0999999,3.3499999,3,0.9,21.21,VA,Virginia
5748,5749,0.009,0.39,0.0838,-1.1,3.45,4,0.7,18.26,VA,Virginia
5749,5750,0.009,0.39,0.0838,-1.1,3.45,4,0.7,18.26,VA,Virginia
5750,5751,0.0115,0.55,0.0416,-6.0999999,3.3499999,3,0.9,21.21,VA,Virginia
5751,5752,0.00482,0.55,0.0403,-6.0999999,3.3499999,4,0.9,24.49,VA,Virginia
5752,5753,0.02391,1.26,0.0577,-1.83,3.3,3,1.1,17.89,VA,Virginia
5753,5754,0.02391,1.26,0.0577,-1.83,3.3,3,1.1,17.89,VA,Virginia
5754,5755,0.03799,0.39,0.0759,-1.1,3.4000001,4,0.9,22.36,VA,Virginia
5755,5756,0.03799,0.39,0.0753,-1.1,3.4000001,4,0.9,22.36,VA,Virginia
5756,5757,0.02368,1.26,0.0577,-1.83,3.3,3,1.1,17.89,VA,Virginia
5757,5758,0.02368,1.26,0.0577,-1.83,3.3,3,1.1,17.89,VA,Virginia
5758,5759,0.00793,0.39,0.0743,-1.1,3.45,4,0.7,18.26,VA,Virginia
5759,5760,0.04444,0.55,0.0401,-6.0999999,3.3499999,4,0.9,24.49,VA,Virginia
5760,5761,0.05385,0.39,0.0947,-2.8,3.45,4,0.5,12.91,VA,Virginia
5761,5762,0.05385,0.39,0.0947,-2.8,3.45,4,0.5,12.91,VA,Virginia
5762,5763,0.05385,0.39,0.0947,-2.8,3.45,4,0.5,12.91,VA,Virginia
5763,5764,0.02685,1.26,0.0577,-1.83,3.3,3,1.1,17.89,VA,Virginia
5764,5765,0.02033,1.26,0.0577,-1.83,3.3,3,1.1,17.89,VA,Virginia
5765,5766,0.02033,1.26,0.0577,-1.83,3.3,3,1.1,17.89,VA,Virginia
5766,5767,0.03699,1.26,0.0575,-1.83,3.3,3,1.1,17.89,VA,Virginia
5767,5768,0.03699,1.26,0.0576,-1.83,3.3,5,1.1,23.09,VA,Virginia
5768,5769,0.03699,1.26,0.0575,-1.83,3.3,5,1.1,23.09,VA,Virginia
5769,5770,0.0596,0.39,0.0913,-2.8,3.45,4,0.7,18.26,VA,Virginia
5770,5771,0.0596,0.39,0.0913,-2.8,3.45,4,0.7,18.26,VA,Virginia
5771,5772,0.0596,0.39,0.0913,-2.8,3.45,4,0.7,18.26,VA,Virginia
5772,5773,0.0481,0.39,0.0838,-2.8,3.45,4,0.7,18.26,VA,Virginia
5773,5774,0.0481,0.39,0.0838,-2.8,3.45,4,0.7,18.26,VA,Virginia
5774,5775,0.06023,0.39,0.0757,-1.1,3.45,4,0.7,18.26,VA,Virginia
5775,5776,0.06023,0.39,0.0752,-1.1,3.45,4,0.7,18.26,VA,Virginia
5776,5777,0.00632,0.39,0.0913,-2.8,3.45,4,0.7,18.26,VA,Virginia
5777,5778,0.06293,0.39,0.0791,-2.8,3.45,4,0.7,18.26,VA,Virginia
5778,5779,0.03954,0.39,0.0751,-1.1,3.45,4,0.7,18.26,VA,Virginia
5779,5780,0.03954,0.39,0.0755,-1.1,3.45,4,0.7,18.26,VA,Virginia
5780,5781,0.01591,1.26,0.0569,-6.0999999,3.3499999,3,1.1,17.89,VA,Virginia
5781,5782,0.1325,0.55,0.0392,-6.0999999,3.3499999,4,0.9,24.49,VA,Virginia
5782,5783,0.1325,0.55,0.0397,-6.0999999,3.3499999,4,0.9,24.49,VA,Virginia
5783,5784,0.02388,1.26,0.0569,-1.83,3.3,3,1.1,17.89,VA,Virginia
5784,5785,0.00202,1.26,0.0557,-1.83,3.3499999,3,1.1,17.89,VA,Virginia
5785,5786,0.02519,0.55,0.0415,-6.0999999,3.4000001,4,0.9,27.39,VA,Virginia
5786,5787,0.02594,1.26,0.0564,-1.83,3.3,5,1.1,23.09,VA,Virginia
5787,5788,0.02594,1.26,0.0557,-1.83,3.3,5,1.1,23.09,VA,Virginia
5788,5789,0.01378,1.26,0.0557,-6.0999999,3.3499999,3,1.1,17.89,VA,Virginia
5789,5790,0.01378,1.26,0.0557,-6.0999999,3.3499999,3,1.1,17.89,VA,Virginia
5790,5791,0.0046,1.26,0.0557,-6.0999999,3.3499999,3,1.1,17.89,VA,Virginia
5791,5792,0.0086,1.26,0.0557,-6.0999999,3.3499999,5,1.1,23.09,VA,Virginia
5792,5793,0.02218,1.26,0.0552,-6.0999999,3.3499999,3,1.1,17.89,VA,Virginia
5793,5794,0.02218,1.26,0.0552,-6.0999999,3.3499999,3,1.1,17.89,VA,Virginia
5794,5795,0.14745,0.39,0.077,-1.1,3.4000001,4,0.7,18.26,VA,Virginia
5795,5796,0.14745,0.39,0.0753,-1.1,3.4000001,4,0.9,22.36,VA,Virginia
5796,5797,0.14745,0.39,0.0655,-1.1,3.4000001,4,0.9,22.36,VA,Virginia
5797,5798,0.14745,0.39,0.0655,-1.1,3.4000001,4,0.9,22.36,VA,Virginia
5798,5799,0.14745,0.39,0.0655,-1.1,3.4000001,4,0.9,22.36,VA,Virginia
5799,5800,0.02786,0.39,0.0894,-2.8,3.45,4,0.7,18.26,VA,Virginia
5800,5801,0.02786,0.39,0.0885,-2.8,3.45,4,0.7,18.26,VA,Virginia
5801,5802,0.01968,1.26,0.0557,-6.0999999,3.3499999,5,1.1,23.09,VA,Virginia
5802,5803,0.04348,0.55,0.0419,-6.0999999,3.4000001,4,0.9,27.39,VA,Virginia
5803,5804,0.00341,0.39,0.0885,-2.8,3.45,4,0.7,18.26,VA,Virginia
5804,5805,0.04,0.39,0.0745,-2.8,3.45,4,0.7,18.26,VA,Virginia
5805,5806,0.04,0.39,0.0745,-2.8,3.45,4,0.7,18.26,VA,Virginia
5806,5807,0.00387,0.39,0.0745,-2.8,3.45,4,0.7,18.26,VA,Virginia
5807,5808,0.02725,0.39,0.0906,-2.8,3.45,4,0.5,12.91,VA,Virginia
5808,5809,0.13143,0.39,0.0906,-2.8,3.45,4,0.5,12.91,VA,Virginia
5809,5810,0.13143,0.39,0.0931,-2.8,3.45,4,0.5,12.91,VA,Virginia
5810,5811,0.13143,0.39,0.0906,-2.8,3.45,4,0.5,12.91,VA,Virginia
5811,5812,0.13143,0.39,0.0904,-2.8,3.45,4,0.5,12.91,VA,Virginia
5812,5813,0.22931,0.39,0.0688,-1.1,3.45,4,0.7,18.26,VA,Virginia
5813,5814,0.22931,0.39,0.0722,-1.1,3.4000001,4,0.7,18.26,VA,Virginia
5814,5815,0.22931,0.39,0.0688,-1.1,3.45,4,0.7,18.26,VA,Virginia
5815,5816,0.22931,0.39,0.0684,-1.1,3.45,4,0.7,18.26,VA,Virginia
5816,5817,0.0173,0.39,0.0906,-2.8,3.45,4,0.5,12.91,VA,Virginia
5817,5818,0.0173,0.39,0.0906,-2.8,3.45,4,0,12.91,VA,Virginia
5818,5819,0.02285,0.39,0.0745,-2.8,3.45,4,0.7,18.26,VA,Virginia
5819,5820,0.09934,0.39,0.0823,-2.8,3.45,4,0.7,18.26,VA,Virginia
5820,5821,0.09934,0.39,0.0812,-2.8,3.45,4,0.7,18.26,VA,Virginia
5821,5822,0.02885,0.39,0.0873,-2.8,3.45,4,0.7,18.26,VA,Virginia
5822,5823,0.00588,0.39,0.0812,-2.8,3.45,4,0.7,18.26,VA,Virginia
5823,5824,0.00588,0.39,0.0812,-2.8,3.45,4,0.7,18.26,VA,Virginia
5824,5825,0.03176,0.51,0.0688,-1.1,3.45,4,0.7,18.26,VA,Virginia
5825,5826,0.03176,0.51,0.0688,-1.1,3.45,4,0.7,18.26,VA,Virginia
5826,5827,0.0187,0.39,0.0899,-2.8,3.45,4,0.5,12.91,VA,Virginia
5827,5828,0.00211,0.39,0.0906,-2.8,3.45,4,0.7,18.26,VA,Virginia
5828,5829,0.00376,0.51,0.0688,-1.1,3.45,4,0.7,18.26,VA,Virginia
5829,5830,0.08598,1.26,0.0553,-6.0999999,3.3499999,3,1.1,17.89,VA,Virginia
5830,5831,0.08598,1.26,0.0557,-6.0999999,3.3499999,3,1.1,17.89,VA,Virginia
5831,5832,0.00932,0.39,0.0793,-2.8,3.45,4,0.7,18.26,VA,Virginia
5832,5833,0.01649,1.26,0.0535,-6.0999999,3.3499999,3,1.1,21.91,VA,Virginia
5833,5834,0.03095,0.39,0.0784,-2.8,3.45,4,0.7,18.26,VA,Virginia
5834,5835,0.03095,0.39,0.0755,-2.8,3.45,4,0.7,18.26,VA,Virginia
5835,5836,0.01971,0.39,0.0755,-2.8,3.45,4,0.7,18.26,VA,Virginia
5836,5837,0.01971,0.39,0.0755,-2.8,3.45,4,0.7,18.26,VA,Virginia
5837,5838,0.0168,1.26,0.0526,-6.0999999,3.4000001,3,1.1,24.49,VA,Virginia
5838,5839,0.0168,1.26,0.0526,-6.0999999,3.4000001,3,1.1,24.49,VA,Virginia
5839,5840,0.0168,1.26,0.0526,-6.0999999,3.4000001,3,1.1,24.49,VA,Virginia
5840,5841,0.00726,0.51,0.0622,-2.8,3.45,4,0.7,18.26,VA,Virginia
5841,5842,0.16647,0.39,0.0717,-2.8,3.45,4,0.7,18.26,VA,Virginia
5842,5843,0.16647,0.39,0.0697,-2.8,3.45,4,0.7,18.26,VA,Virginia
5843,5844,0.16647,0.51,0.0645,-2.8,3.45,4,0.7,18.26,VA,Virginia
5844,5845,0.16647,0.51,0.0622,-2.8,3.45,4,0.7,18.26,VA,Virginia
5845,5846,0.10132,1.26,0.054,-6.0999999,3.3499999,3,1.1,21.91,VA,Virginia
5846,5847,0.10132,1.26,0.0557,-6.0999999,3.3499999,5,1.1,23.09,VA,Virginia
5847,5848,0.10132,1.26,0.0526,-6.0999999,3.4000001,3,1.1,24.49,VA,Virginia
5848,5849,0.00766,1.26,0.0526,-6.0999999,3.4000001,3,1.1,24.49,VA,Virginia
5849,5850,0.00742,1.26,0.0526,-6.0999999,3.4000001,3,1.1,24.49,VA,Virginia
5850,5851,0.40834,0.55,0.0404,-6.0999999,3.4000001,4,0.9,27.39,VA,Virginia
5851,5852,0.40834,0.55,0.0425,-6.0999999,3.45,4,0.9,27.39,VA,Virginia
5852,5853,0.40834,0.55,0.0426,-6.0999999,3.4000001,4,0.9,27.39,VA,Virginia
5853,5854,0.40834,0.55,0.0427,-6.0999999,3.4000001,4,0.9,27.39,VA,Virginia
5854,5855,0.40834,0.55,0.044,-6.0999999,3.45,4,0.9,27.39,VA,Virginia
5855,5856,0.0436,1.26,0.0549,-6.0999999,3.3499999,5,1.1,28.28,VA,Virginia
5856,5857,0.0436,1.26,0.0544,-6.0999999,3.4000001,5,1.1,31.62,VA,Virginia
5857,5858,0.0436,1.26,0.0544,-6.0999999,3.3499999,5,1.1,28.28,VA,Virginia
5858,5859,0.0167,1.26,0.0526,-6.0999999,3.4000001,3,1.1,24.49,VA,Virginia
5859,5860,0.00298,0.51,0.0581,-2.8,3.45,4,0.9,22.36,VA,Virginia
5860,5861,0.00727,0.55,0.044,-6.5,3.45,4,0.9,27.39,VA,Virginia
5861,5862,0.17965,0.51,0.0667,-1.1,3.45,4,0.7,18.26,VA,Virginia
5862,5863,0.17965,0.51,0.0581,-1.1,3.45,4,0.7,18.26,VA,Virginia
5863,5864,0.17965,0.51,0.0581,-1.1,3.45,4,0.9,22.36,VA,Virginia
5864,5865,0.17965,0.51,0.0567,-1.1,3.45,4,0.9,22.36,VA,Virginia
5865,5866,0.00677,0.51,0.0581,-2.8,3.45,4,0.9,22.36,VA,Virginia
5866,5867,0.00928,1.26,0.0526,-6.0999999,3.4000001,5,1.1,31.62,VA,Virginia
5867,5868,0.11701,0.39,0.0876,-2.8,3.45,4,0.5,12.91,VA,Virginia
5868,5869,0.11701,0.39,0.0822,-2.8,3.45,4,0.7,18.26,VA,Virginia
5869,5870,0.11701,0.51,0.0803,-2.8,3.45,4,0.7,18.26,VA,Virginia
5870,5871,0.0072,0.51,0.0755,-2.8,3.45,4,0.7,18.26,VA,Virginia
5871,5872,0.03569,0.51,0.0594,-2.8,3.45,4,0.7,18.26,VA,Virginia
5872,5873,0.00381,0.55,0.044,-6.4000001,3.45,4,0.9,27.39,VA,Virginia
5873,5874,0.00381,0.55,0.044,-6.0999999,3.45,4,0.9,27.39,VA,Virginia
5874,5875,0.105,0.55,0.0443,-6.0999999,3.45,4,0.9,27.39,VA,Virginia
5875,5876,0.105,0.55,0.0446,-6.0999999,3.45,4,0.9,27.39,VA,Virginia
5876,5877,0.00689,0.55,0.044,-6.5,3.45,4,0.9,27.39,VA,Virginia
5877,5878,0.00254,0.51,0.0581,-2.8,3.45,4,0.9,22.36,VA,Virginia
5878,5879,0.01635,0.51,0.0755,-2.8,3.45,4,0.7,18.26,VA,Virginia
5879,5880,0.09591,0.51,0.0529,-1.1,3.45,4,0.9,27.39,VA,Virginia
5880,5881,0.09591,0.51,0.0529,-1.1,3.45,4,0.9,27.39,VA,Virginia
5881,5882,0.01139,0.51,0.0581,-2.8,3.45,4,0.9,22.36,VA,Virginia
5882,5883,0.04297,0.53,0.044,-6.5,3.45,4,0.9,27.39,VA,Virginia
5883,5884,0.04297,0.53,0.044,-6.5,3.45,4,0.9,27.39,VA,Virginia
5884,5885,0.04291,0.51,0.0723,-2.8,3.45,4,0.7,18.26,VA,Virginia
5885,5886,0.00344,0.51,0.0676,-2.8,3.45,4,0.7,18.26,VA,Virginia
5886,5887,0.00344,0.51,0.0676,-2.8,3.45,4,0.7,18.26,VA,Virginia
5887,5888,0.02051,0.53,0.044,-6.5,3.45,4,0.9,27.39,VA,Virginia
5888,5889,0.02187,0.55,0.044,-6.5,3.45,4,0.9,27.39,VA,Virginia
5889,5890,0.00272,0.53,0.0457,-6.5,3.45,4,0.9,27.39,VA,Virginia
5890,5891,0.01209,0.53,0.0465,-6.5,3.45,4,0.9,27.39,VA,Virginia
5891,5892,0.04724,1.26,0.048,-6.0999999,3.4000001,3,1.1,24.49,VA,Virginia
5892,5893,0.02432,1.26,0.0525,-6.0999999,3.4000001,5,1.1,31.62,VA,Virginia
5893,5894,0.09602,1.26,0.0485,-6.0999999,3.4000001,3,1.1,24.49,VA,Virginia
5894,5895,0.09602,1.26,0.052,-6.0999999,3.4000001,3,1.1,24.49,VA,Virginia
5895,5896,0.01681,1.26,0.0464,-6.0999999,3.4000001,3,1.1,24.49,VA,Virginia
5896,5897,0.01681,1.26,0.0464,-6.0999999,3.4000001,3,1.1,24.49,VA,Virginia
5897,5898,0.01078,1.26,0.0505,-0.7,3.4000001,5,1.1,24.49,VA,Virginia
5898,5899,0.01078,1.26,0.0505,-0.7,3.4000001,5,1.1,24.49,VA,Virginia
5899,5900,0.06437,1.26,0.0464,-0.7,3.4000001,3,1.1,18.97,VA,Virginia
5900,5901,0.06437,1.26,0.048,-0.7,3.4000001,3,1.1,18.97,VA,Virginia
5901,5902,0.06437,1.26,0.0505,-0.7,3.4000001,3,1.1,18.97,VA,Virginia
5902,5903,0.02393,1.26,0.0464,-0.7,3.4000001,3,1.1,18.97,VA,Virginia
5903,5904,0.02393,1.26,0.0464,-0.7,3.4000001,3,1.1,18.97,VA,Virginia
5904,5905,0.11347,0.51,0.0657,-2.8,3.45,4,0.7,18.26,VA,Virginia
5905,5906,0.11347,0.51,0.059,-2.8,3.45,4,0.7,18.26,VA,Virginia
5906,5907,0.11347,0.51,0.054,-2.8,3.5,4,0.7,22.36,VA,Virginia
5907,5908,0.0272,1.26,0.048,-0.7,3.4000001,3,1.1,18.97,VA,Virginia
5908,5909,0.0272,1.26,0.0505,-0.7,3.4000001,3,1.1,18.97,VA,Virginia
5909,5910,0.00627,1.26,0.0464,-0.7,3.4000001,3,1.1,18.97,VA,Virginia
5910,5911,0.02605,1.26,0.0464,-6.4000001,3.4000001,3,1.1,24.49,VA,Virginia
5911,5912,0.02605,1.26,0.0464,-6.4000001,3.4000001,3,1.1,24.49,VA,Virginia
5912,5913,0.03807,0.51,0.0503,-2.8,3.5,4,0.9,27.39,VA,Virginia
5913,5914,0.03807,0.51,0.0503,-2.8,3.55,4,0.9,27.39,VA,Virginia
5914,5915,0.11994,1.26,0.0472,-0.7,3.4000001,3,1.1,18.97,VA,Virginia
5915,5916,0.11994,1.26,0.0505,-0.7,3.4000001,3,1.1,18.97,VA,Virginia
5916,5917,0.00711,1.26,0.0464,-0.7,3.4000001,3,1.1,18.97,VA,Virginia
5917,5918,0.04179,0.51,0.0476,-2.8,3.5,4,0.9,27.39,VA,Virginia
5918,5919,0.04179,0.51,0.045,-2.8,3.5,4,0.9,27.39,VA,Virginia
5919,5920,0.0141,1.26,0.0505,-0.7,3.4000001,3,1.1,18.97,VA,Virginia
5920,5921,0.01438,1.26,0.0485,-6.4000001,3.4000001,3,1.1,24.49,VA,Virginia
5921,5922,0.01438,1.26,0.0505,-6.4000001,3.4000001,3,1.1,24.49,VA,Virginia
5922,5923,0.04606,1.26,0.0505,-0.7,3.4000001,3,1.1,18.97,VA,Virginia
5923,5924,0.00838,0.51,0.045,-2.8,3.5,4,0.9,27.39,VA,Virginia
5924,5925,0.00586,0.51,0.045,-2.8,3.5,4,0.9,27.39,VA,Virginia
5925,5926,0.00248,1.26,0.0422,-6.4000001,3.45,3,1.1,24.49,VA,Virginia
5926,5927,0.03344,1.26,0.044,-6.4000001,3.45,3,1.1,24.49,VA,Virginia
5927,5928,0.03344,1.26,0.044,-6.4000001,3.45,3,1.1,24.49,VA,Virginia
5928,5929,0.03448,0.73,0.0684,-2.8,3.45,4,0.7,18.26,VA,Virginia
5929,5930,0.03448,0.73,0.0667,-2.8,3.45,4,0.7,18.26,VA,Virginia
5930,5931,0.3638,0.53,0.0451,-6.5,3.5,4,0.9,27.39,VA,Virginia
5931,5932,0.3638,0.53,0.0461,-6.5,3.5,4,0.9,27.39,VA,Virginia
5932,5933,0.3638,0.53,0.0472,-6.5,3.5,4,0.9,27.39,VA,Virginia
5933,5934,0.3638,0.53,0.0456,-6.5,3.5,4,1.1,31.62,VA,Virginia
5934,5935,0.3638,0.53,0.0479,-6.5,3.5,4,0.9,27.39,VA,Virginia
5935,5936,0.3638,0.53,0.0491,-6.5,3.5,4,0.9,27.39,VA,Virginia
5936,5937,0.05133,1.26,0.0525,-0.7,3.4000001,5,1.1,24.49,VA,Virginia
5937,5938,0.05133,1.26,0.0543,-0.7,3.4000001,5,1.1,24.49,VA,Virginia
5938,5939,0.05133,1.26,0.05,-0.7,3.4000001,5,1.1,24.49,VA,Virginia
5939,5940,0.00374,0.53,0.0479,-6.5,3.5,4,0.9,27.39,VA,Virginia
5940,5941,0.00367,0.73,0.0667,-2.8,3.55,4,0.7,18.26,VA,Virginia
5941,5942,0.00367,0.73,0.0667,-2.8,3.55,4,0.7,18.26,VA,Virginia
5942,5943,0.0253,1.26,0.044,-6.4000001,3.45,3,1.1,24.49,VA,Virginia
5943,5944,0.0253,1.26,0.044,-6.4000001,3.45,3,1.1,24.49,VA,Virginia
5944,5945,0.03671,1.26,0.0459,-6.4000001,3.45,3,1.1,24.49,VA,Virginia
5945,5946,0.03671,1.26,0.044,-6.4000001,3.45,3,1.1,24.49,VA,Virginia
5946,5947,0.00383,1.26,0.044,-6.4000001,3.45,3,1.1,24.49,VA,Virginia
5947,5948,0.02465,0.53,0.0479,-2.8,3.5,4,0.9,27.39,VA,Virginia
5948,5949,0.00536,0.51,0.0423,-2.8,3.55,4,0.9,35.36,VA,Virginia
5949,5950,0.00572,0.73,0.0667,-2.8,3.55,4,0.7,18.26,VA,Virginia
5950,5951,0.04168,0.51,0.068,-2.8,3.45,4,0.7,18.26,VA,Virginia
5951,5952,0.04168,0.51,0.0628,-2.8,3.55,4,0.7,18.26,VA,Virginia
5952,5953,0.00291,0.51,0.0477,-2.8,3.55,4,0.7,22.36,VA,Virginia
5953,5954,0.00863,0.51,0.0477,-2.8,3.55,4,0.7,22.36,VA,Virginia
5954,5955,0.01129,0.51,0.0459,-2.8,3.55,4,0.7,22.36,VA,Virginia
5955,5956,0.00332,0.51,0.0477,-2.8,3.55,4,0.7,22.36,VA,Virginia
5956,5957,0.01342,0.51,0.0477,-2.8,3.55,4,0.7,22.36,VA,Virginia
5957,5958,0.01342,0.51,0.0477,-2.8,3.55,4,0.7,22.36,VA,Virginia
5958,5959,0.02757,1.26,0.05,-6.4000001,3.45,3,1.1,24.49,VA,Virginia
5959,5960,0.02757,1.26,0.0503,-6.4000001,3.4000001,3,1.1,24.49,VA,Virginia
5960,5961,0.02757,1.26,0.05,-6.4000001,3.45,3,1.1,24.49,VA,Virginia
5961,5962,0.00514,1.26,0.047,-6.4000001,3.45,3,1.1,24.49,VA,Virginia
5962,5963,0.06437,1.26,0.0415,-6.4000001,3.45,3,1.1,24.49,VA,Virginia
5963,5964,0.06437,1.26,0.044,-6.4000001,3.45,3,1.1,24.49,VA,Virginia
5964,5965,0.06437,1.26,0.044,-6.4000001,3.45,3,1.1,24.49,VA,Virginia
5965,5966,0.01685,0.51,0.0423,-2.8,3.55,4,0.7,22.36,VA,Virginia
5966,5967,0.03257,1.26,0.0414,-6.4000001,3.45,3,1.1,24.49,VA,Virginia
5967,5968,0.03257,1.26,0.04,-6.4000001,3.45,3,1.1,24.49,VA,Virginia
5968,5969,0.00659,1.26,0.04,-6.5,3.5,3,1.1,24.49,VA,Virginia
5969,5970,0.0273,1.26,0.05,-6.4000001,3.45,5,1.1,31.62,VA,Virginia
5970,5971,0.11998,0.51,0.0419,-2.8,3.55,4,0.9,27.39,VA,Virginia
5971,5972,0.11998,0.51,0.045,-2.8,3.55,4,0.9,27.39,VA,Virginia
5972,5973,0.11998,0.51,0.0423,-2.8,3.55,4,0.7,22.36,VA,Virginia
5973,5974,0.11998,0.51,0.0408,-2.8,3.55,4,0.9,27.39,VA,Virginia
5974,5975,0.00222,0.51,0.0477,-2.8,3.55,4,0.7,22.36,VA,Virginia
5975,5976,0.00896,1.26,0.044,-6.4000001,3.45,3,1.1,24.49,VA,Virginia
5976,5977,0.01752,0.53,0.0491,-6.5,3.5,4,0.9,27.39,VA,Virginia
5977,5978,0.01752,0.53,0.0491,-6.5,3.5,4,0.9,27.39,VA,Virginia
5978,5979,0.08884,0.51,0.0564,-2.8,3.55,4,0.7,18.26,VA,Virginia
5979,5980,0.08884,0.51,0.0511,-2.8,3.55,4,0.7,22.36,VA,Virginia
5980,5981,0.01318,1.26,0.044,-6.4000001,3.45,3,1.1,24.49,VA,Virginia
5981,5982,0.01117,1.26,0.044,-6.4000001,3.45,3,1.1,24.49,VA,Virginia
5982,5983,0.02873,0.59,0.0479,-1.1,3.5,4,0.9,27.39,VA,Virginia
5983,5984,0.02873,0.59,0.0479,-1.1,3.5,4,0.9,27.39,VA,Virginia
5984,5985,0.05332,0.51,0.0477,-2.8,3.55,4,0.7,22.36,VA,Virginia
5985,5986,0.05332,0.51,0.0477,-2.8,3.55,4,0.7,22.36,VA,Virginia
5986,5987,0.01867,0.53,0.0489,-2.8,3.5,4,0.9,27.39,VA,Virginia
5987,5988,0.10436,0.51,0.0615,-2.8,3.55,4,0.7,18.26,VA,Virginia
5988,5989,0.10436,0.51,0.0542,-2.8,3.55,4,0.7,22.36,VA,Virginia
5989,5990,0.14831,1.26,0.0407,-6.4000001,3.45,3,1.1,24.49,VA,Virginia
5990,5991,0.14831,1.26,0.0413,-6.4000001,3.5,3,1.1,24.49,VA,Virginia
5991,5992,0.14831,1.26,0.044,-6.4000001,3.45,3,1.1,24.49,VA,Virginia
5992,5993,0.00992,1.26,0.044,-6.4000001,3.45,3,1.1,24.49,VA,Virginia
5993,5994,0.01143,1.26,0.046,-6.4000001,3.45,3,1.1,24.49,VA,Virginia
5994,5995,0.00958,1.26,0.04,-6.5,3.5,3,1.1,24.49,VA,Virginia
5995,5996,0.0252,1.26,0.04,-6.5,3.5,3,1.1,24.49,VA,Virginia
5996,5997,0.06189,0.51,0.0429,-2.8,3.55,4,0.7,22.36,VA,Virginia
5997,5998,0.06189,0.51,0.042,-2.8,3.55,4,0.9,27.39,VA,Virginia
5998,5999,0.0034,1.26,0.0385,-6.5,3.5,3,1.1,24.49,VA,Virginia
5999,6000,0.02188,1.26,0.0397,-6.5,3.5,3,1.1,24.49,VA,Virginia
6000,6001,0.00375,0.51,0.0374,-2.8,3.55,4,0.9,27.39,VA,Virginia
6001,6002,0.0187,0.53,0.0486,-1.1,3.55,4,0.9,27.39,VA,Virginia
6002,6003,0.00512,0.59,0.0512,-1.1,3.55,4,0.9,27.39,VA,Virginia
6003,6004,0.01851,0.59,0.0488,-1.1,3.55,4,0.9,27.39,VA,Virginia
6004,6005,0.01034,1.26,0.044,-6.4000001,3.45,3,1.1,24.49,VA,Virginia
6005,6006,0.03112,1.26,0.0498,-6.4000001,3.45,5,1.1,31.62,VA,Virginia
6006,6007,0.0244,0.53,0.0491,-2.8,3.5,4,0.9,27.39,VA,Virginia
6007,6008,0.0244,0.53,0.0492,-2.8,3.5,4,0.9,27.39,VA,Virginia
6008,6009,0.00761,0.53,0.0494,-1.1,3.55,4,0.9,27.39,VA,Virginia
6009,6010,0.00761,0.53,0.0494,-1.1,3.55,4,0.9,27.39,VA,Virginia
6010,6011,0.06095,0.51,0.0383,-2.8,3.55,4,0.9,27.39,VA,Virginia
6011,6012,0.06095,0.51,0.0379,-2.8,3.55,4,0.9,27.39,VA,Virginia
6012,6013,0.00927,1.26,0.044,-6.4000001,3.5,3,1.1,24.49,VA,Virginia
6013,6014,0.03196,1.26,0.044,-6.4000001,3.45,3,1.1,24.49,VA,Virginia
6014,6015,0.00273,1.26,0.044,-6.4000001,3.5,3,1.1,24.49,VA,Virginia
6015,6016,0.00273,1.26,0.044,-6.4000001,3.5,3,1.1,24.49,VA,Virginia
6016,6017,0.01238,0.53,0.0494,-1.1,3.55,4,0.9,27.39,VA,Virginia
6017,6018,0.01238,0.53,0.0503,-1.1,3.55,4,0.9,27.39,VA,Virginia
6018,6019,0.02485,1.26,0.044,-6.4000001,3.5,3,1.1,24.49,VA,Virginia
6019,6020,0.02485,1.26,0.044,-6.4000001,3.5,3,1.1,24.49,VA,Virginia
6020,6021,0.03383,0.51,0.0364,-2.8,3.55,4,0.9,27.39,VA,Virginia
6021,6022,0.03383,0.51,0.0364,-2.8,3.55,4,0.9,27.39,VA,Virginia
6022,6023,0.03383,0.51,0.0364,-2.8,3.55,4,0.9,27.39,VA,Virginia
6023,6024,0.01193,0.53,0.0508,-1.1,3.55,4,0.9,27.39,VA,Virginia
6024,6025,0.01101,1.26,0.0385,-6.5,3.5,3,1.1,24.49,VA,Virginia
6025,6026,0.04903,1.26,0.0422,-6.5,3.5,3,1.1,24.49,VA,Virginia
6026,6027,0.04903,1.26,0.0402,-6.5,3.5,3,1.1,24.49,VA,Virginia
6027,6028,0.00415,1.26,0.0385,-6.5,3.5,3,1.1,24.49,VA,Virginia
6028,6029,0.01293,1.26,0.044,-6.5,3.5,3,1.1,24.49,VA,Virginia
6029,6030,0.01293,1.26,0.044,-6.5,3.5,3,1.1,24.49,VA,Virginia
6030,6031,0.01411,1.26,0.044,-6.5,3.5,3,1.1,24.49,VA,Virginia
6031,6032,0.00367,1.26,0.0385,-6.5,3.5,3,1.1,24.49,VA,Virginia
6032,6033,0.01405,1.26,0.044,-6.4000001,3.5,3,1.1,24.49,VA,Virginia
6033,6034,0.01932,1.26,0.0488,-6.4000001,3.45,5,1.1,31.62,VA,Virginia
6034,6035,0.01932,1.26,0.0488,-6.4000001,3.5,5,1.1,31.62,VA,Virginia
6035,6036,0.01932,1.26,0.0488,-6.4000001,3.5,5,1.1,31.62,VA,Virginia
6036,6037,0.00417,1.26,0.0464,-6.4000001,3.5,5,1.1,31.62,VA,Virginia
6037,6038,0.03678,0.53,0.0494,-1.1,3.55,4,0.9,27.39,VA,Virginia
6038,6039,0.03678,0.53,0.0494,-1.1,3.55,4,0.9,27.39,VA,Virginia
6039,6040,0.00456,1.26,0.044,-6.4000001,3.5,3,1.1,24.49,VA,Virginia
6040,6041,0.0665,0.59,0.0512,-1.1,3.55,4,0.9,27.39,VA,Virginia
6041,6042,0.0665,0.59,0.0512,-1.1,3.55,4,0.9,27.39,VA,Virginia
6042,6043,0.0665,0.59,0.0506,-1.1,3.55,4,0.9,27.39,VA,Virginia
6043,6044,0.0665,0.59,0.0512,-1.1,3.55,4,0.9,27.39,VA,Virginia
6044,6045,0.03105,1.26,0.0385,-6.5,3.5,3,1.1,24.49,VA,Virginia
6045,6046,0.00931,1.26,0.044,-6.4000001,3.5,5,1.1,31.62,VA,Virginia
6046,6047,0.00741,1.26,0.044,-6.5,3.5,3,1.1,24.49,VA,Virginia
6047,6048,0.02704,0.51,0.0343,-2.8,3.55,4,0.9,31.62,VA,Virginia
6048,6049,0.02805,0.51,0.0352,-2.8,3.55,4,0.9,27.39,VA,Virginia
6049,6050,0.01101,1.26,0.044,-6.5,3.5,3,1.1,24.49,VA,Virginia
6050,6051,0.03562,1.26,0.0417,-6.5,3.5,3,1.1,24.49,VA,Virginia
6051,6052,0.03562,1.26,0.044,-6.5,3.5,3,1.1,24.49,VA,Virginia
6052,6053,0.07513,0.53,0.0392,-6.5,3.55,3,1.1,27.39,VA,Virginia
6053,6054,0.07513,1.26,0.0378,-6.5,3.5,3,1.1,24.49,VA,Virginia
6054,6055,0.0328,1.26,0.0385,-6.5,3.5,3,1.1,24.49,VA,Virginia
6055,6056,0.00277,0.51,0.0343,-2.8,3.55,4,0.9,31.62,VA,Virginia
6056,6057,0.00277,0.51,0.0343,-2.8,3.55,4,0.9,31.62,VA,Virginia
6057,6058,0.01048,0.53,0.0424,-2.8,3.55,3,1.1,27.39,VA,Virginia
6058,6059,0.06184,1.26,0.0418,-6.5,3.5,3,1.1,24.49,VA,Virginia
6059,6060,0.06184,1.26,0.044,-6.5,3.5,3,1.1,24.49,VA,Virginia
6060,6061,0.01744,0.51,0.0341,-2.8,3.55,4,0.9,31.62,VA,Virginia
6061,6062,0.01744,0.51,0.0337,-2.8,3.55,4,0.9,31.62,VA,Virginia
6062,6063,0.33921,0.51,0.0403,-2.8,3.55,4,0.9,27.39,VA,Virginia
6063,6064,0.33921,0.51,0.0377,-2.8,3.55,4,0.9,27.39,VA,Virginia
6064,6065,0.33921,0.51,0.0358,-2.8,3.55,4,0.9,27.39,VA,Virginia
6065,6066,0.33921,0.51,0.0353,-2.8,3.55,4,0.9,27.39,VA,Virginia
6066,6067,0.33921,0.51,0.0342,-2.8,3.55,4,0.9,31.62,VA,Virginia
6067,6068,0.00738,0.51,0.038,-2.8,3.55,4,0.9,27.39,VA,Virginia
6068,6069,0.01765,0.51,0.0337,-2.8,3.5999999,4,0.9,31.62,VA,Virginia
6069,6070,0.02469,1.24,0.04,-6.5,3.5,3,1.1,24.49,VA,Virginia
6070,6071,0.10358,1.26,0.0441,-6.5,3.5,5,1.1,31.62,VA,Virginia
6071,6072,0.10358,1.24,0.0445,-6.5,3.5,5,1.1,31.62,VA,Virginia
6072,6073,0.10358,1.26,0.0445,-6.5,3.5,5,1.1,31.62,VA,Virginia
6073,6074,0.00544,0.51,0.0337,-2.8,3.5999999,4,0.9,31.62,VA,Virginia
6074,6075,0.00544,0.51,0.0337,-2.8,3.5999999,4,0.9,31.62,VA,Virginia
6075,6076,0.01552,0.51,0.0337,-2.8,3.5999999,4,0.9,31.62,VA,Virginia
6076,6077,0.06062,0.57,0.0756,-1.3,3.5,4,0.5,11.55,VA,Virginia
6077,6078,0.06062,0.57,0.0755,-1.3,3.5,4,0.5,11.55,VA,Virginia
6078,6079,0.05641,1.24,0.0437,-6.5,3.5,5,1.1,31.62,VA,Virginia
6079,6080,0.05641,1.24,0.0445,-6.5,3.5,5,1.1,31.62,VA,Virginia
6080,6081,0.09903,0.53,0.0414,-2.8,3.55,3,1.1,27.39,VA,Virginia
6081,6082,0.09903,1.24,0.0394,-2.8,3.55,3,1.1,24.49,VA,Virginia
6082,6083,0.09903,1.24,0.0369,-2.8,3.55,3,1.1,24.49,VA,Virginia
6083,6084,0.02715,1.24,0.0386,-1.1,3.55,3,1.1,24.49,VA,Virginia
6084,6085,0.03634,1.24,0.0446,-6.5,3.55,5,1.1,31.62,VA,Virginia
6085,6086,0.03634,1.24,0.0445,-6.5,3.5,5,1.1,31.62,VA,Virginia
6086,6087,0.03634,1.24,0.0449,-6.5,3.55,5,1.1,31.62,VA,Virginia
6087,6088,0.01669,1.24,0.0417,-2.8,3.55,3,1.1,24.49,VA,Virginia
6088,6089,0.01669,1.24,0.0417,-2.8,3.55,3,1.1,24.49,VA,Virginia
6089,6090,0.10688,1.24,0.0402,-1.1,3.5999999,3,1.1,24.49,VA,Virginia
6090,6091,0.10688,1.24,0.0391,-1.1,3.5999999,3,1.1,24.49,VA,Virginia
6091,6092,0.00263,1.24,0.0417,-2.8,3.55,3,1.1,24.49,VA,Virginia
6092,6093,0.02987,1.24,0.0376,-2.8,3.5999999,3,1.1,24.49,VA,Virginia
6093,6094,0.00426,1.24,0.0376,-1.1,3.5999999,3,1.1,24.49,VA,Virginia
6094,6095,0.01941,1.24,0.0376,-1.1,3.5999999,3,1.1,24.49,VA,Virginia
6095,6096,0.01941,1.24,0.0376,-1.1,3.5999999,3,1.1,24.49,VA,Virginia
6096,6097,0.0218,1.24,0.0409,-2.8,3.55,3,1.1,24.49,VA,Virginia
6097,6098,0.0218,1.24,0.0417,-2.8,3.55,3,1.1,24.49,VA,Virginia
6098,6099,0.00934,1.24,0.0376,-1.1,3.5999999,3,1.1,24.49,VA,Virginia
6099,6100,0.00544,1.24,0.0376,-1.1,3.5999999,3,1.1,24.49,VA,Virginia
6100,6101,0.00544,1.24,0.0376,-1.1,3.5999999,3,1.1,24.49,VA,Virginia
6101,6102,0.00767,1.24,0.0417,-2.8,3.55,3,1.1,24.49,VA,Virginia
6102,6103,0.01362,1.24,0.0417,-2.8,3.55,3,1.1,24.49,VA,Virginia
6103,6104,0.0026,1.24,0.0376,-2.8,3.5999999,3,1.1,24.49,VA,Virginia
6104,6105,0.02233,1.24,0.043,-2.8,3.55,5,1.1,31.62,VA,Virginia
6105,6106,0.02949,0.51,0.0329,-2.8,3.5999999,3,0.9,27.39,VA,Virginia
6106,6107,0.00994,1.24,0.0417,-2.8,3.55,3,1.1,24.49,VA,Virginia
6107,6108,0.00765,0.51,0.0319,-2.8,3.5999999,3,0.9,27.39,VA,Virginia
6108,6109,0.01868,0.51,0.0319,-2.8,3.5999999,3,0.9,27.39,VA,Virginia
6109,6110,0.00427,1.24,0.0391,-1.1,3.5999999,3,1.1,24.49,VA,Virginia
6110,6111,0.01351,1.24,0.0376,-1.1,3.5999999,3,1.1,24.49,VA,Virginia
6111,6112,0.0401,0.51,0.0332,-2.8,3.5999999,3,0.9,27.39,VA,Virginia
6112,6113,0.0401,0.51,0.0319,-2.8,3.5999999,3,0.9,27.39,VA,Virginia
6113,6114,0.0032,0.51,0.0319,-2.8,3.5999999,3,0.9,27.39,VA,Virginia
6114,6115,0.0032,0.51,0.0319,-2.8,3.5999999,3,0.9,27.39,VA,Virginia
6115,6116,0.30196,0.51,0.0532,-2.8,3.55,4,0.9,27.39,VA,Virginia
6116,6117,0.30196,0.73,0.0501,-2.8,3.55,4,0.7,22.36,VA,Virginia
6117,6118,0.30196,0.51,0.0465,-2.8,3.55,4,0.9,27.39,VA,Virginia
6118,6119,0.30196,0.51,0.0419,-2.8,3.55,4,0.9,27.39,VA,Virginia
6119,6120,0.30196,0.51,0.0385,-2.8,3.55,4,0.9,27.39,VA,Virginia
6120,6121,0.30196,0.51,0.0385,-2.8,3.55,4,0.9,27.39,VA,Virginia
6121,6122,0.08774,1.24,0.0397,-1.1,3.5999999,3,1.1,24.49,VA,Virginia
6122,6123,0.08774,1.24,0.0404,-1.1,3.55,3,1.1,24.49,VA,Virginia
6123,6124,0.08774,1.24,0.0435,-1.1,3.5999999,3,1.1,24.49,VA,Virginia
6124,6125,0.07782,0.73,0.0741,-1.3,3.5,4,0.5,11.55,VA,Virginia
6125,6126,0.07782,0.73,0.0712,-1.3,3.5,4,0.5,11.55,VA,Virginia
6126,6127,0.07782,0.73,0.0698,-1.3,3.5,4,0.5,11.55,VA,Virginia
6127,6128,0.01194,1.24,0.0376,-1.1,3.5999999,3,1.1,24.49,VA,Virginia
6128,6129,0.00271,0.51,0.0385,-2.8,3.55,4,0.9,27.39,VA,Virginia
6129,6130,0.14169,0.51,0.038,-2.8,3.55,4,0.9,27.39,VA,Virginia
6130,6131,0.14169,0.51,0.0377,-2.8,3.55,4,0.9,27.39,VA,Virginia
6131,6132,0.14169,0.51,0.0368,-2.8,3.55,4,0.9,27.39,VA,Virginia
6132,6133,0.14169,0.51,0.0356,-2.8,3.55,4,0.9,27.39,VA,Virginia
6133,6134,0.01496,0.51,0.0319,-2.8,3.5999999,3,0.9,27.39,VA,Virginia
6134,6135,0.00203,0.51,0.0334,-2.8,3.5999999,3,0.9,27.39,VA,Virginia
6135,6136,0.45651,0.59,0.0503,-1.1,3.55,4,0.9,27.39,VA,Virginia
6136,6137,0.45651,0.59,0.0508,-1.1,3.55,4,0.9,27.39,VA,Virginia
6137,6138,0.45651,0.59,0.0525,-1.1,3.5999999,4,0.9,27.39,VA,Virginia
6138,6139,0.45651,0.59,0.0535,-1.1,3.5999999,4,0.9,27.39,VA,Virginia
6139,6140,0.45651,0.71,0.0534,-1.1,3.6500001,4,0.9,27.39,VA,Virginia
6140,6141,0.45651,0.71,0.0533,-1.1,3.5999999,4,0.9,27.39,VA,Virginia
6141,6142,0.0162,0.71,0.0535,-3.0999999,3.6500001,4,0.9,27.39,VA,Virginia
6142,6143,0.01978,0.51,0.0334,-2.8,3.5999999,3,0.9,27.39,VA,Virginia
6143,6144,0.02719,1.24,0.0472,-1.1,3.5999999,3,1.1,24.49,VA,Virginia
6144,6145,0.01222,1.24,0.0417,-2.8,3.5999999,3,1.2,24.49,VA,Virginia
6145,6146,0.04457,0.51,0.0323,-2.8,3.5999999,3,0.9,27.39,VA,Virginia
6146,6147,0.01764,1.24,0.0472,-1.1,3.6500001,3,1.1,24.49,VA,Virginia
6147,6148,0.01764,1.24,0.0472,-1.1,3.5999999,3,1.1,24.49,VA,Virginia
6148,6149,0.01911,0.71,0.0535,-3.0999999,3.6500001,4,0.9,27.39,VA,Virginia
6149,6150,0.29436,0.73,0.0542,-2.8,3.55,4,0.7,22.36,VA,Virginia
6150,6151,0.29436,0.73,0.0474,-2.8,3.55,4,0.7,22.36,VA,Virginia
6151,6152,0.29436,0.73,0.0428,-2.8,3.55,4,0.9,27.39,VA,Virginia
6152,6153,0.00348,1.24,0.0472,-1.1,3.6500001,3,1.1,24.49,VA,Virginia
6153,6154,0.07221,0.57,0.077,-1.3,3.5,4,0.5,11.55,VA,Virginia
6154,6155,0.07221,0.73,0.0721,-1.3,3.5,4,0.5,11.55,VA,Virginia
6155,6156,0.07221,0.73,0.0712,-1.3,3.5,4,0.5,11.55,VA,Virginia
6156,6157,0.1532,0.51,0.038,-2.8,3.55,4,0.9,27.39,VA,Virginia
6157,6158,0.1532,0.51,0.0376,-2.8,3.55,4,0.9,27.39,VA,Virginia
6158,6159,0.1532,0.51,0.0348,-2.8,3.5999999,4,0.9,31.62,VA,Virginia
6159,6160,0.1532,0.51,0.0334,-2.8,3.5999999,4,0.9,31.62,VA,Virginia
6160,6161,0.01796,1.24,0.0417,-2.8,3.5999999,5,1.2,31.62,VA,Virginia
6161,6162,0.02975,1.24,0.0417,-2.8,3.5999999,5,1.2,31.62,VA,Virginia
6162,6163,0.00546,0.73,0.0446,-2.8,3.55,4,0.9,27.39,VA,Virginia
6163,6164,0.00546,0.73,0.0432,-2.8,3.55,4,0.9,27.39,VA,Virginia
6164,6165,0.00682,1.24,0.0417,-1.6,3.5999999,5,1.2,28.28,VA,Virginia
6165,6166,0.00682,1.24,0.042,-1.6,3.5999999,5,1.2,28.28,VA,Virginia
6166,6167,0.01665,0.51,0.0334,-2.8,3.5999999,4,0.9,31.62,VA,Virginia
6167,6168,0.01665,0.51,0.0308,-2.8,3.5999999,4,0.9,31.62,VA,Virginia
6168,6169,0.01665,0.51,0.0317,-2.8,3.5999999,4,0.9,31.62,VA,Virginia
6169,6170,0.01887,0.71,0.0535,-3.0999999,3.6500001,4,0.9,27.39,VA,Virginia
6170,6171,0.01887,0.71,0.0534,-3.0999999,3.7,4,0.9,27.39,VA,Virginia
6171,6172,0.02094,1.24,0.0472,-1.1,3.6500001,3,1.1,24.49,VA,Virginia
6172,6173,0.02094,1.24,0.0472,-1.1,3.6500001,3,1.1,24.49,VA,Virginia
6173,6174,0.02094,1.24,0.0457,-1.1,3.7,3,1.1,24.49,VA,Virginia
6174,6175,0.02094,1.24,0.0462,-1.1,3.6500001,3,1.1,24.49,VA,Virginia
6175,6176,0.01649,1.24,0.0417,-1.6,3.5999999,5,1.2,28.28,VA,Virginia
6176,6177,0.01649,1.24,0.0421,-1.6,3.5999999,5,1.2,28.28,VA,Virginia
6177,6178,0.00847,1.24,0.0423,-1.6,3.5999999,5,1.2,28.28,VA,Virginia
6178,6179,0.00682,0.51,0.0308,-2.8,3.5999999,4,0.9,31.62,VA,Virginia
6179,6180,0.05248,0.73,0.0662,-1.3,3.5,4,0.5,11.55,VA,Virginia
6180,6181,0.05248,0.73,0.063,-1.3,3.5,4,0.5,11.55,VA,Virginia
6181,6182,0.05248,0.73,0.0614,-1.3,3.5,4,0.5,11.55,VA,Virginia
6182,6183,0.03453,1.24,0.0398,-1.1,3.5999999,3,1.2,24.49,VA,Virginia
6183,6184,0.00326,0.73,0.0614,-1.3,3.5,4,0.7,16.33,VA,Virginia
6184,6185,0.00379,0.71,0.0534,-3.0999999,3.7,4,0.9,27.39,VA,Virginia
6185,6186,0.00379,0.71,0.0534,-3.0999999,3.7,4,0.9,27.39,VA,Virginia
6186,6187,0.05108,1.24,0.0454,-1.1,3.5999999,3,1.1,24.49,VA,Virginia
6187,6188,0.05108,1.24,0.0461,-1.1,3.6500001,3,1.1,24.49,VA,Virginia
6188,6189,0.0032,0.73,0.0418,-2.8,3.55,4,0.9,27.39,VA,Virginia
6189,6190,0.04572,1.24,0.0387,-1.1,3.5999999,3,1.2,24.49,VA,Virginia
6190,6191,0.01841,1.24,0.0423,-1.6,3.5999999,5,1.2,28.28,VA,Virginia
6191,6192,0.00478,0.71,0.0534,-3.0999999,3.7,4,0.9,27.39,VA,Virginia
6192,6193,0.00478,0.71,0.0534,-3.0999999,3.7,4,0.9,27.39,VA,Virginia
6193,6194,0.04239,0.71,0.0534,-3.0999999,3.7,4,0.9,27.39,VA,Virginia
6194,6195,0.05231,1.24,0.0376,-1.1,3.5999999,3,1.2,24.49,VA,Virginia
6195,6196,0.05231,1.24,0.0387,-1.1,3.5999999,3,1.2,24.49,VA,Virginia
6196,6197,0.05231,1.24,0.0384,-1.1,3.5999999,3,1.2,24.49,VA,Virginia
6197,6198,0.06179,1.24,0.0376,-1.1,3.5999999,3,1.2,24.49,VA,Virginia
6198,6199,0.06179,1.24,0.0387,-1.1,3.5999999,3,1.2,24.49,VA,Virginia
6199,6200,0.06179,1.24,0.0384,-1.1,3.5999999,3,1.2,24.49,VA,Virginia
6200,6201,0.04801,1.24,0.0385,-1.1,3.5999999,3,1.1,24.49,VA,Virginia
6201,6202,0.00441,0.71,0.0534,-3.0999999,3.7,4,0.9,27.39,VA,Virginia
6202,6203,0.01864,0.71,0.0527,-3.0999999,3.7,4,0.9,27.39,VA,Virginia
6203,6204,0.03682,0.73,0.0418,-2.8,3.55,4,0.9,27.39,VA,Virginia
6204,6205,0.03682,0.73,0.0418,-2.8,3.55,4,0.9,27.39,VA,Virginia
6205,6206,0.06498,0.73,0.0374,-2.8,3.55,4,0.9,27.39,VA,Virginia
6206,6207,0.07147,1.24,0.0391,-1.1,3.5999999,3,1.2,24.49,VA,Virginia
6207,6208,0.07147,1.24,0.0391,-1.1,3.5999999,3,1.2,24.49,VA,Virginia
6208,6209,0.07147,1.24,0.0386,-1.1,3.5999999,3,1.1,24.49,VA,Virginia
6209,6210,0.01551,0.71,0.0534,-3.0999999,3.7,4,0.9,27.39,VA,Virginia
6210,6211,0.00254,0.71,0.0534,-3.0999999,3.7,4,0.9,27.39,VA,Virginia
6211,6212,0.00275,1.39,0.0457,-3.0999999,3.7,3,1.1,24.49,VA,Virginia
6212,6213,0.0154,0.71,0.0534,-3.0999999,3.7,4,0.9,27.39,VA,Virginia
6213,6214,0.04496,0.51,0.0308,-2.8,3.5999999,4,0.9,31.62,VA,Virginia
6214,6215,0.04496,0.51,0.0308,-2.8,3.6500001,4,0.9,31.62,VA,Virginia
6215,6216,0.04572,0.73,0.0712,-1.3,3.5,4,0.5,11.55,VA,Virginia
6216,6217,0.04572,0.73,0.0662,-1.3,3.5,4,0.5,11.55,VA,Virginia
6217,6218,0.00985,0.71,0.0525,-9.1999998,3.7,4,0.9,27.39,VA,Virginia
6218,6219,0.00234,0.73,0.0614,-1.3,3.5,4,0.5,11.55,VA,Virginia
6219,6220,0.00348,0.73,0.0614,-1.3,3.5,4,0.5,11.55,VA,Virginia
6220,6221,0.01006,0.51,0.0308,-2.8,3.6500001,3,0.9,27.39,VA,Virginia
6221,6222,0.01995,0.71,0.0534,-3.0999999,3.7,4,0.9,27.39,VA,Virginia
6222,6223,0.00277,0.71,0.0534,-2.46,3.7,4,0.9,27.39,VA,Virginia
6223,6224,0.00519,0.73,0.0368,-2.8,3.55,3,0.9,23.72,VA,Virginia
6224,6225,0.00454,0.73,0.0393,-2.8,3.55,4,0.9,27.39,VA,Virginia
6225,6226,0.00484,0.71,0.0534,-2.46,3.7,4,0.9,27.39,VA,Virginia
6226,6227,0.005,0.73,0.0418,-2.8,3.55,4,0.9,27.39,VA,Virginia
6227,6228,0.00406,0.73,0.0418,-1.3,3.55,4,0.9,24.49,VA,Virginia
6228,6229,0.04276,0.55,0.0889,-1.3,3.5,4,0.5,11.55,VA,Virginia
6229,6230,0.01922,1.39,0.0457,-3.0999999,3.7,3,1.1,24.49,VA,Virginia
6230,6231,0.00603,0.73,0.0614,-1.3,3.5,4,0.5,11.55,VA,Virginia
6231,6232,0.01449,0.71,0.0529,-9.1999998,3.7,4,0.9,27.39,VA,Virginia
6232,6233,0.01453,0.71,0.0525,-2.8,3.7,4,0.9,27.39,VA,Virginia
6233,6234,0.00467,0.71,0.0534,-9.1999998,3.7,4,0.9,27.39,VA,Virginia
6234,6235,0.00467,0.71,0.0534,-9.1999998,3.7,4,0.9,27.39,VA,Virginia
6235,6236,0.07663,0.51,0.0328,-2.8,3.5999999,3,0.9,27.39,VA,Virginia
6236,6237,0.07663,0.51,0.0309,-2.8,3.6500001,3,0.9,27.39,VA,Virginia
6237,6238,0.01312,0.51,0.0308,-2.8,3.6500001,4,0.9,31.62,VA,Virginia
6238,6239,0.04468,0.73,0.0368,-2.8,3.55,3,0.9,23.72,VA,Virginia
6239,6240,0.04468,0.73,0.0368,-2.8,3.55,3,0.9,23.72,VA,Virginia
6240,6241,0.05352,1.24,0.0433,-3.0999999,3.6500001,3,1.1,24.49,VA,Virginia
6241,6242,0.04135,1.39,0.0457,-3.0999999,3.7,3,1.1,24.49,VA,Virginia
6242,6243,0.01584,0.73,0.0614,-1.3,3.5,4,0.5,11.55,VA,Virginia
6243,6244,0.05998,1.24,0.04,-1.1,3.5999999,5,1.2,31.62,VA,Virginia
6244,6245,0.01255,1.39,0.0457,-3.0999999,3.7,3,1.1,24.49,VA,Virginia
6245,6246,0.02375,1.39,0.0476,-3.0999999,3.7,3,1.1,24.49,VA,Virginia
6246,6247,0.01005,0.73,0.0368,-2.8,3.55,3,0.9,23.72,VA,Virginia
6247,6248,0.01005,0.73,0.0368,-2.8,3.55,3,0.9,23.72,VA,Virginia
6248,6249,0.04705,1.24,0.0401,-1.1,3.5999999,5,1.2,31.62,VA,Virginia
6249,6250,0.04705,1.24,0.0387,-1.1,3.5999999,5,1.2,31.62,VA,Virginia
6250,6251,0.00536,1.24,0.0387,-3.0999999,3.5999999,5,1.2,31.62,VA,Virginia
6251,6252,0.00536,1.24,0.0387,-3.0999999,3.5999999,5,1.2,31.62,VA,Virginia
6252,6253,0.02285,0.51,0.0368,-2.8,3.55,3,0.9,23.72,VA,Virginia
6253,6254,0.02285,0.51,0.0359,-2.8,3.5999999,3,0.9,23.72,VA,Virginia
6254,6255,0.03661,0.71,0.0534,-9.1999998,3.7,4,0.9,27.39,VA,Virginia
6255,6256,0.03661,0.71,0.0522,-9.1999998,3.7,4,0.9,27.39,VA,Virginia
6256,6257,0.03549,0.73,0.0418,-1.3,3.5,4,0.9,24.49,VA,Virginia
6257,6258,0.03549,0.73,0.0418,-1.3,3.55,4,0.9,24.49,VA,Virginia
6258,6259,0.03549,0.73,0.0412,-1.3,3.5,4,0.9,24.49,VA,Virginia
6259,6260,0.17625,0.73,0.0437,-1.3,3.55,4,0.7,20,VA,Virginia
6260,6261,0.17625,0.73,0.0418,-1.3,3.55,4,0.9,24.49,VA,Virginia
6261,6262,0.17625,0.73,0.041,-1.3,3.5,4,0.9,24.49,VA,Virginia
6262,6263,0.06482,1.39,0.0495,-3.0999999,3.7,3,1.1,24.49,VA,Virginia
6263,6264,0.06482,1.39,0.0527,-3.0999999,3.7,3,1.1,24.49,VA,Virginia
6264,6265,0.00337,0.71,0.0516,-0.1,3.7,4,0.9,21.21,VA,Virginia
6265,6266,0.0202,0.71,0.0516,-9.1999998,3.7,4,0.9,27.39,VA,Virginia
6266,6267,0.00917,0.71,0.0516,-9.1999998,3.7,4,0.9,27.39,VA,Virginia
6267,6268,0.01796,1.39,0.045,-3.0999999,3.7,3,1.1,24.49,VA,Virginia
6268,6269,0.00555,1.39,0.045,-3.0999999,3.7,3,1.1,24.49,VA,Virginia
6269,6270,0.01724,0.73,0.0406,-1.3,3.5,4,0.9,24.49,VA,Virginia
6270,6271,0.01724,0.73,0.0406,-1.3,3.5,4,0.9,24.49,VA,Virginia
6271,6272,0.00252,1.39,0.045,-2.46,3.7,3,1.1,24.49,VA,Virginia
6272,6273,0.00695,1.39,0.045,-3.0999999,3.7,3,1.1,24.49,VA,Virginia
6273,6274,0.01031,0.73,0.035,-1.3,3.5,3,0.9,21.21,VA,Virginia
6274,6275,0.01031,0.73,0.035,-1.3,3.5,3,0.9,21.21,VA,Virginia
6275,6276,0.02155,0.73,0.0387,-1.3,3.5,4,0.9,24.49,VA,Virginia
6276,6277,0.00359,0.73,0.035,-1.3,3.5,3,0.9,21.21,VA,Virginia
6277,6278,0.01007,0.73,0.035,-1.3,3.5,3,0.9,21.21,VA,Virginia
6278,6279,0.02834,0.73,0.035,-2.8,3.5999999,3,0.9,23.72,VA,Virginia
6279,6280,0.0045,1.39,0.045,-2.46,3.7,3,1.1,24.49,VA,Virginia
6280,6281,0.05665,1.24,0.0429,-3.0999999,3.6500001,3,1.1,24.49,VA,Virginia
6281,6282,0.00566,1.39,0.045,-2.46,3.7,3,1.1,24.49,VA,Virginia
6282,6283,0.00367,1.39,0.045,-2.46,3.7,3,1.1,24.49,VA,Virginia
6283,6284,0.00965,1.39,0.045,-2.46,3.7,3,1.1,24.49,VA,Virginia
6284,6285,0.16102,0.73,0.0562,-1.3,3.5,4,0.7,16.33,VA,Virginia
6285,6286,0.16102,0.73,0.0544,-1.3,3.5,4,0.7,20,VA,Virginia
6286,6287,0.16102,0.73,0.0526,-1.3,3.5,4,0.7,20,VA,Virginia
6287,6288,0.16102,0.73,0.0483,-1.3,3.5,4,0.7,20,VA,Virginia
6288,6289,0.00732,1.24,0.0388,-3.0999999,3.6500001,3,1.1,24.49,VA,Virginia
6289,6290,0.06284,1.24,0.0388,-3.0999999,3.6500001,3,1.1,24.49,VA,Virginia
6290,6291,0.00373,1.24,0.0388,-3.0999999,3.6500001,3,1.1,24.49,VA,Virginia
6291,6292,0.00373,0.73,0.0447,-1.3,3.5,4,0.7,20,VA,Virginia
6292,6293,0.01077,1.24,0.0388,-3.0999999,3.7,3,1.1,24.49,VA,Virginia
6293,6294,0.00266,0.73,0.0426,-1.3,3.5,4,0.7,20,VA,Virginia
6294,6295,0.05111,0.73,0.035,-1.3,3.5,3,0.9,21.21,VA,Virginia
6295,6296,0.05111,0.73,0.035,-1.3,3.55,3,0.9,21.21,VA,Virginia
6296,6297,0.00981,1.24,0.0397,-3.0999999,3.6500001,5,1.1,31.62,VA,Virginia
6297,6298,0.02014,1.39,0.0413,-2.46,3.7,3,1.1,24.49,VA,Virginia
6298,6299,0.07839,1.24,0.0397,-3.0999999,3.6500001,5,1.1,31.62,VA,Virginia
6299,6300,0.07839,1.24,0.0397,-3.0999999,3.6500001,5,1.1,31.62,VA,Virginia
6300,6301,0.0122,0.73,0.0406,-1.3,3.5,4,0.7,20,VA,Virginia
6301,6302,0.02181,1.39,0.045,-2.46,3.7,3,1.1,24.49,VA,Virginia
6302,6303,0.02181,1.39,0.045,-2.46,3.7,3,1.1,24.49,VA,Virginia
6303,6304,0.01356,0.73,0.0447,-1.3,3.5,4,0.7,20,VA,Virginia
6304,6305,0.06102,0.73,0.0406,-1.3,3.5,4,0.7,20,VA,Virginia
6305,6306,0.06102,0.73,0.0387,-1.3,3.5,4,0.9,24.49,VA,Virginia
6306,6307,0.00883,0.73,0.043,-1.3,3.5,4,0.7,20,VA,Virginia
6307,6308,0.03597,1.39,0.0526,-2.46,3.75,3,1.1,24.49,VA,Virginia
6308,6309,0.0279,0.73,0.0447,-1.3,3.5,4,0.7,20,VA,Virginia
6309,6310,0.0279,0.73,0.0447,-1.3,3.5,4,0.7,20,VA,Virginia
6310,6311,0.00553,0.71,0.0516,-2.8,3.75,4,0.9,27.39,VA,Virginia
6311,6312,0.00553,0.71,0.0516,-2.8,3.75,4,0.9,27.39,VA,Virginia
6312,6313,0.02412,0.71,0.0516,-0.1,3.75,4,0.9,21.21,VA,Virginia
6313,6314,0.00891,0.71,0.0516,-0.1,3.75,4,0.9,21.21,VA,Virginia
6314,6315,0.01792,1.39,0.045,-2.46,3.7,3,1.1,24.49,VA,Virginia
6315,6316,0.00433,1.39,0.0526,-9.1999998,3.75,3,1.1,24.49,VA,Virginia
6316,6317,0.01336,1.24,0.0397,-3.0999999,3.6500001,5,1.1,31.62,VA,Virginia
6317,6318,0.00319,1.39,0.0526,-2.46,3.75,3,1.1,24.49,VA,Virginia
6318,6319,0.01127,1.24,0.0397,-3.0999999,3.6500001,5,1.1,31.62,VA,Virginia
6319,6320,0.00864,1.24,0.0397,-2.46,3.6500001,5,1.1,31.62,VA,Virginia
6320,6321,0.00864,1.24,0.0397,-2.46,3.6500001,5,1.1,31.62,VA,Virginia
6321,6322,0.08119,0.55,0.0889,-1.3,3.5,4,0.5,11.55,VA,Virginia
6322,6323,0.08119,0.55,0.092,-1.3,3.5,4,0.5,11.55,VA,Virginia
6323,6324,0.08207,0.55,0.0889,-1.3,3.5,4,0.5,11.55,VA,Virginia
6324,6325,0.08207,0.55,0.0913,-1.3,3.5,4,0.5,11.55,VA,Virginia
6325,6326,0.11413,0.73,0.0614,-1.3,3.5,4,0.5,11.55,VA,Virginia
6326,6327,0.11413,0.73,0.0584,-1.3,3.5,4,0.5,11.55,VA,Virginia
6327,6328,0.11413,0.73,0.0519,-1.3,3.5,4,0.5,14.14,VA,Virginia
6328,6329,0.11413,0.73,0.049,-1.3,3.5,4,0.7,20,VA,Virginia
6329,6330,0.05028,0.71,0.0496,-2.8,3.75,4,0.9,27.39,VA,Virginia
6330,6331,0.00808,1.39,0.045,-2.46,3.7,3,1.1,24.49,VA,Virginia
6331,6332,0.00567,1.39,0.0488,-2.46,3.7,3,1.1,24.49,VA,Virginia
6332,6333,0.00804,0.73,0.0461,-1.3,3.5,4,0.7,20,VA,Virginia
6333,6334,0.00804,0.73,0.0458,-1.3,3.5,4,0.7,20,VA,Virginia
6334,6335,0.00257,1.39,0.0526,-9.1999998,3.75,3,1.1,24.49,VA,Virginia
6335,6336,0.00257,1.39,0.0526,-9.1999998,3.75,3,1.1,24.49,VA,Virginia
6336,6337,0.00344,1.39,0.0526,-2.46,3.75,3,1.1,24.49,VA,Virginia
6337,6338,0.00344,1.39,0.0526,-2.46,3.75,3,1.1,24.49,VA,Virginia
6338,6339,0.02061,0.73,0.0435,-1.3,3.5,4,0.7,20,VA,Virginia
6339,6340,0.01413,0.55,0.0939,-1.3,3.5,4,0.5,11.55,VA,Virginia
6340,6341,0.01413,0.55,0.094,-1.3,3.5,4,0.5,11.55,VA,Virginia
6341,6342,0.00845,0.71,0.0516,-9.1999998,3.75,4,0.9,27.39,VA,Virginia
6342,6343,0.00845,0.71,0.0501,-9.1999998,3.75,4,0.9,27.39,VA,Virginia
6343,6344,0.00308,0.57,0.0876,-1.3,3.5,4,0.5,11.55,VA,Virginia
6344,6345,0.03818,0.57,0.093,-1.3,3.5,4,0.5,11.55,VA,Virginia
6345,6346,0.03818,0.57,0.0916,-1.3,3.5,4,0.5,11.55,VA,Virginia
6346,6347,0.00793,0.71,0.0516,-2.8,3.75,4,0.9,27.39,VA,Virginia
6347,6348,0.00793,0.71,0.0516,-2.8,3.75,4,0.9,27.39,VA,Virginia
6348,6349,0.00793,0.71,0.0501,-2.8,3.75,4,0.9,27.39,VA,Virginia
6349,6350,0.00793,0.71,0.0501,-2.8,3.75,4,0.9,27.39,VA,Virginia
6350,6351,0.01965,0.71,0.0496,-2.8,3.75,4,0.9,27.39,VA,Virginia
6351,6352,0.00942,0.73,0.041,-1.3,3.5,4,0.7,20,VA,Virginia
6352,6353,0.008,0.55,0.0936,-1.3,3.5,4,0.5,11.55,VA,Virginia
6353,6354,0.01963,0.71,0.0486,-0.1,3.75,4,0.9,21.21,VA,Virginia
6354,6355,0.00556,0.71,0.0486,-2.8,3.75,4,0.9,27.39,VA,Virginia
6355,6356,0.00334,1.24,0.0405,-2.46,3.7,5,1.1,31.62,VA,Virginia
6356,6357,0.02695,1.39,0.045,-2.46,3.7,3,1.1,24.49,VA,Virginia
6357,6358,0.02695,1.39,0.0446,-2.46,3.7,3,1.1,24.49,VA,Virginia
6358,6359,0.02971,0.73,0.04,-1.3,3.5,4,0.7,20,VA,Virginia
6359,6360,0.01186,0.73,0.0361,-1.3,3.5,4,0.7,20,VA,Virginia
6360,6361,0.07129,0.73,0.0328,-1.3,3.55,4,0.9,28.28,VA,Virginia
6361,6362,0.07129,0.73,0.0328,-1.3,3.55,4,0.9,28.28,VA,Virginia
6362,6363,0.03926,1.24,0.0408,-2.46,3.7,5,1.1,31.62,VA,Virginia
6363,6364,0.03926,1.24,0.0409,-2.46,3.7,5,1.1,31.62,VA,Virginia
6364,6365,0.05653,0.57,0.0876,-1.3,3.5,4,0.5,11.55,VA,Virginia
6365,6366,0.05653,0.57,0.0826,-1.3,3.5,4,0.5,11.55,VA,Virginia
6366,6367,0.02213,1.39,0.0444,-2.46,3.7,3,1.1,24.49,VA,Virginia
6367,6368,0.019,1.39,0.0444,-2.4000001,3.7,3,1.1,24.49,VA,Virginia
6368,6369,0.04521,0.57,0.0672,-1.3,3.5,4,0.5,11.55,VA,Virginia
6369,6370,0.04521,0.57,0.0672,-1.3,3.5,4,0.5,11.55,VA,Virginia
6370,6371,0.04421,1.39,0.0405,-2.46,3.7,5,1.1,31.62,VA,Virginia
6371,6372,0.00875,0.57,0.0724,-1.3,3.5,4,0.5,11.55,VA,Virginia
6372,6373,0.04561,1.39,0.0407,-2.46,3.7,5,1.1,31.62,VA,Virginia
6373,6374,0.04561,1.24,0.0409,-2.46,3.7,5,1.1,31.62,VA,Virginia
6374,6375,0.01365,0.73,0.0328,-1.3,3.55,4,0.9,28.28,VA,Virginia
6375,6376,0.01365,0.73,0.0328,-1.3,3.55,4,0.9,28.28,VA,Virginia
6376,6377,0.01043,0.73,0.0328,-1.3,3.55,4,0.9,28.28,VA,Virginia
6377,6378,0.01043,0.73,0.0328,-1.3,3.55,4,0.9,28.28,VA,Virginia
6378,6379,0.08833,0.55,0.0922,-1.3,3.5,4,0.5,11.55,VA,Virginia
6379,6380,0.00316,1.39,0.0405,-2.46,3.7,5,1.1,31.62,VA,Virginia
6380,6381,0.04262,0.71,0.0486,-2.8,3.75,4,0.9,27.39,VA,Virginia
6381,6382,0.00687,0.73,0.0328,-1.3,3.55,4,0.9,28.28,VA,Virginia
6382,6383,0.01445,1.39,0.0405,-2.46,3.7,5,1.1,31.62,VA,Virginia
6383,6384,0.11241,0.73,0.0361,-1.3,3.5,4,0.9,24.49,VA,Virginia
6384,6385,0.11241,0.73,0.0345,-1.3,3.55,4,0.9,28.28,VA,Virginia
6385,6386,0.00899,0.73,0.0328,-1.3,3.55,4,0.9,28.28,VA,Virginia
6386,6387,0.09283,0.55,0.0936,-1.3,3.5,4,0.5,11.55,VA,Virginia
6387,6388,0.09283,0.55,0.0936,-1.3,3.5,4,0.5,11.55,VA,Virginia
6388,6389,0.09283,0.57,0.0906,-1.3,3.5,4,0.5,11.55,VA,Virginia
6389,6390,0.01029,0.73,0.0328,-1.3,3.55,4,0.9,28.28,VA,Virginia
6390,6391,0.06244,1.39,0.0471,-9.1999998,3.7,3,1.1,24.49,VA,Virginia
6391,6392,0.06244,1.39,0.0444,-9.1999998,3.7,3,1.1,24.49,VA,Virginia
6392,6393,0.01409,1.39,0.0405,-2.46,3.7,5,1.1,31.62,VA,Virginia
6393,6394,0.01409,1.39,0.0405,-2.46,3.7,5,1.1,31.62,VA,Virginia
6394,6395,0.0032,1.39,0.0444,-9.1999998,3.7,3,1.1,24.49,VA,Virginia
6395,6396,0.03623,0.57,0.0777,-1.3,3.5,4,0.5,11.55,VA,Virginia
6396,6397,0.03623,0.57,0.0777,-1.3,3.5,4,0.5,11.55,VA,Virginia
6397,6398,0.03085,1.39,0.0444,-2.4000001,3.7,3,1.1,24.49,VA,Virginia
6398,6399,0.03085,1.39,0.0444,-2.4000001,3.7,3,1.1,24.49,VA,Virginia
6399,6400,0.01575,0.82,0.0486,-2.8,3.75,4,0.9,27.39,VA,Virginia
6400,6401,0.01575,0.82,0.0458,-2.8,3.75,4,0.9,27.39,VA,Virginia
6401,6402,0.04847,0.57,0.0777,-1.3,3.5,4,0.5,11.55,VA,Virginia
6402,6403,0.04847,0.57,0.0769,-1.3,3.5,4,0.5,11.55,VA,Virginia
6403,6404,0.00378,0.73,0.0336,-1.3,3.55,4,0.9,28.28,VA,Virginia
6404,6405,0.005,1.39,0.0432,-9.1999998,3.7,3,1.1,24.49,VA,Virginia
6405,6406,0.01122,1.39,0.0405,-2.4000001,3.7,5,1.1,31.62,VA,Virginia
6406,6407,0.01122,1.39,0.0407,-2.4000001,3.7,5,1.1,31.62,VA,Virginia
6407,6408,0.01022,1.39,0.0407,-2.4000001,3.7,5,1.1,31.62,VA,Virginia
6408,6409,0.10513,0.57,0.0672,-1.3,3.5,4,0.5,11.55,VA,Virginia
6409,6410,0.10513,0.57,0.0632,-1.3,3.5,4,0.5,11.55,VA,Virginia
6410,6411,0.10513,0.73,0.055,-1.3,3.5,4,0.5,11.55,VA,Virginia
6411,6412,0.10513,0.73,0.0499,-1.3,3.5,4,0.5,14.14,VA,Virginia
6412,6413,0.04625,0.57,0.0876,-1.3,3.5,4,0.5,11.55,VA,Virginia
6413,6414,0.04625,0.57,0.0876,-1.3,3.5,4,0.5,11.55,VA,Virginia
6414,6415,0.04625,0.57,0.0849,-1.3,3.5,4,0.5,11.55,VA,Virginia
6415,6416,0.01385,0.57,0.0797,-1.3,3.5,4,0.5,11.55,VA,Virginia
6416,6417,0.0204,0.73,0.0336,-1.3,3.55,4,0.9,28.28,VA,Virginia
6417,6418,0.05311,1.39,0.0415,-2.4000001,3.7,5,1.1,31.62,VA,Virginia
6418,6419,0.05311,1.39,0.0405,-2.4000001,3.7,5,1.1,31.62,VA,Virginia
6419,6420,0.05311,1.39,0.0417,-2.4000001,3.7,5,1.1,31.62,VA,Virginia
6420,6421,0.05311,1.39,0.0405,-2.4000001,3.7,5,1.1,31.62,VA,Virginia
6421,6422,0.00347,1.39,0.0421,-9.1999998,3.7,5,1.1,31.62,VA,Virginia
6422,6423,0.00304,1.39,0.0421,-9.1999998,3.7,3,1.1,24.49,VA,Virginia
6423,6424,0.09331,1.39,0.0496,-9.1999998,3.75,3,1.1,24.49,VA,Virginia
6424,6425,0.09331,1.39,0.0452,-9.1999998,3.8,3,1.1,24.49,VA,Virginia
6425,6426,0.06145,0.73,0.0328,-1.3,3.5999999,4,0.9,28.28,VA,Virginia
6426,6427,0.06145,0.73,0.0303,-1.3,3.55,4,0.9,28.28,VA,Virginia
6427,6428,0.06145,0.73,0.03,-1.3,3.5999999,4,0.9,28.28,VA,Virginia
6428,6429,0.05347,1.39,0.0405,-2.4000001,3.7,5,1.1,31.62,VA,Virginia
6429,6430,0.05347,1.39,0.041,-2.4000001,3.7,5,1.1,31.62,VA,Virginia
6430,6431,0.05347,1.39,0.0407,-2.4000001,3.7,5,1.1,31.62,VA,Virginia
6431,6432,0.02962,0.73,0.0285,-1.3,3.7,3,0.9,24.49,VA,Virginia
6432,6433,0.04666,0.57,0.0766,-1.3,3.5,4,0.5,11.55,VA,Virginia
6433,6434,0.11667,1.39,0.0421,-9.1999998,3.8,3,1.1,24.49,VA,Virginia
6434,6435,0.11667,1.39,0.0421,-9.1999998,3.7,3,1.1,24.49,VA,Virginia
6435,6436,0.04025,1.39,0.0427,-9.1999998,3.8,3,1.1,24.49,VA,Virginia
6436,6437,0.02219,1.39,0.0438,-0.1,3.8,3,1.1,18.97,VA,Virginia
6437,6438,0.09016,1.39,0.0408,-2.4000001,3.7,5,1.1,31.62,VA,Virginia
6438,6439,0.09016,1.39,0.0408,-2.4000001,3.7,5,1.1,31.62,VA,Virginia
6439,6440,0.00948,0.57,0.0762,-1.3,3.5,4,0.5,11.55,VA,Virginia
6440,6441,0.01016,1.39,0.0408,-9.1999998,3.7,5,1.1,31.62,VA,Virginia
6441,6442,0.01016,1.39,0.0408,-9.1999998,3.7,5,1.1,31.62,VA,Virginia
6442,6443,0.01352,1.39,0.0408,-9.1999998,3.7,5,1.1,31.62,VA,Virginia
6443,6444,0.12213,0.57,0.0679,-1.3,3.5,4,0.5,11.55,VA,Virginia
6444,6445,0.12213,0.57,0.0646,-1.3,3.5,4,0.5,11.55,VA,Virginia
6445,6446,0.01845,0.73,0.0285,-1.3,3.8,3,0.9,24.49,VA,Virginia
6446,6447,0.02254,0.57,0.072,-1.3,3.5,4,0.5,11.55,VA,Virginia
6447,6448,0.35072,0.73,0.0312,-1.3,3.55,4,0.9,28.28,VA,Virginia
6448,6449,0.35072,0.73,0.029,-1.3,3.7,4,0.9,28.28,VA,Virginia
6449,6450,0.35072,0.73,0.0285,-1.3,3.7,4,0.9,28.28,VA,Virginia
6450,6451,0.35072,0.73,0.0317,-1.3,3.7,4,0.7,23.09,VA,Virginia
6451,6452,0.35072,0.73,0.0293,-1.3,3.7,4,0.9,28.28,VA,Virginia
6452,6453,0.06744,0.82,0.043,-2.8,3.75,4,1.1,31.62,VA,Virginia
6453,6454,0.06744,0.82,0.0392,-2.8,3.8,4,1.1,31.62,VA,Virginia
6454,6455,0.0487,1.0700001,0.0438,-0.1,3.8,3,1.1,18.97,VA,Virginia
6455,6456,0.0487,1.0700001,0.0394,-0.1,3.8,3,1.1,18.97,VA,Virginia
6456,6457,0.0487,1.0700001,0.0405,-0.1,3.8,3,1.1,18.97,VA,Virginia
6457,6458,0.00316,1.0700001,0.0394,-0.1,3.8,3,1.1,18.97,VA,Virginia
6458,6459,0.02346,1.0700001,0.0381,-2.8,3.8,4,1.1,28.28,VA,Virginia
6459,6460,0.09085,1.39,0.0421,-9.1999998,3.8,5,1.1,31.62,VA,Virginia
6460,6461,0.09085,1.0700001,0.0387,-9.1999998,3.8,5,1.1,31.62,VA,Virginia
6461,6462,0.09085,1.0700001,0.0397,-9.1999998,3.8,5,1.1,31.62,VA,Virginia
6462,6463,0.00479,0.75,0.0301,-1.3,3.8,3,0.7,20,VA,Virginia
6463,6464,0.02378,1.0700001,0.0391,-0.1,3.8,5,1.1,24.49,VA,Virginia
6464,6465,0.02378,1.0700001,0.0387,-0.1,3.8,5,1.1,24.49,VA,Virginia
6465,6466,0.03677,1.0700001,0.0392,-0.1,3.8,5,1.1,24.49,VA,Virginia
6466,6467,0.19301,0.73,0.0285,-1.3,3.8,3,0.9,24.49,VA,Virginia
6467,6468,0.19301,0.75,0.0283,-1.3,3.8,3,0.7,20,VA,Virginia
6468,6469,0.19301,0.75,0.0274,-1.3,3.8499999,3,0.9,24.49,VA,Virginia
6469,6470,0.19301,0.75,0.0266,-1.3,3.8499999,3,0.9,24.49,VA,Virginia
6470,6471,0.12581,0.74,0.0492,-1.3,3.5,4,0.5,14.14,VA,Virginia
6471,6472,0.12581,0.74,0.0521,-1.3,3.5,4,0.5,14.14,VA,Virginia
6472,6473,0.12581,0.74,0.0523,-1.3,3.5,4,0.7,20,VA,Virginia
6473,6474,0.06149,0.92,0.0377,-2.8,3.8,5,1.1,35.36,VA,Virginia
6474,6475,0.06149,0.92,0.0381,-2.8,3.8,5,1.1,35.36,VA,Virginia
6475,6476,0.10809,0.75,0.0287,-1.3,3.8,3,0.7,20,VA,Virginia
6476,6477,0.10809,0.75,0.0278,-1.3,3.8,3,0.7,20,VA,Virginia
6477,6478,0.10809,0.75,0.0273,-1.3,3.8499999,3,0.7,20,VA,Virginia
6478,6479,0.19268,0.75,0.0266,-1.3,3.8499999,3,0.9,24.49,VA,Virginia
6479,6480,0.19268,0.75,0.0267,-1.3,3.9000001,3,0.9,24.49,VA,Virginia
6480,6481,0.19268,0.75,0.0259,-1.3,3.9000001,3,0.9,24.49,VA,Virginia
6481,6482,0.21936,0.74,0.0448,-1.3,3.5,4,0.7,20,VA,Virginia
6482,6483,0.21936,0.74,0.0442,-1.3,3.5,4,0.7,20,VA,Virginia
6483,6484,0.21936,0.74,0.0458,-1.3,3.5,4,0.7,20,VA,Virginia
6484,6485,0.21936,0.74,0.042,-1.3,3.5,4,0.7,20,VA,Virginia
6485,6486,0.00454,0.74,0.0373,-1.3,3.55,4,0.7,20,VA,Virginia
6486,6487,0.04076,0.75,0.0271,-1.3,3.9000001,3,0.7,20,VA,Virginia
6487,6488,0.04076,0.75,0.0271,-1.3,3.9000001,3,0.7,20,VA,Virginia
6488,6489,0.04076,0.75,0.0271,-1.3,3.9000001,3,0.7,20,VA,Virginia
6489,6490,0.16321,0.74,0.0588,-1.3,3.5,4,0.5,11.55,VA,Virginia
6490,6491,0.16321,0.74,0.0584,-1.3,3.5,4,0.5,11.55,VA,Virginia
6491,6492,0.16321,0.74,0.0572,-1.3,3.5,4,0.5,11.55,VA,Virginia
6492,6493,0.16321,0.74,0.0569,-1.3,3.5,4,0.5,11.55,VA,Virginia
6493,6494,0.16321,0.74,0.0559,-1.3,3.5,4,0.5,11.55,VA,Virginia
6494,6495,0.03086,0.75,0.0264,-1.3,3.9000001,3,0.9,24.49,VA,Virginia
6495,6496,0.03086,0.75,0.0269,-1.3,3.9000001,3,0.9,24.49,VA,Virginia
6496,6497,0.00211,0.75,0.0272,-1.3,3.9000001,3,0.9,24.49,VA,Virginia
6497,6498,0.06694,0.74,0.0373,-1.3,3.55,4,0.7,20,VA,Virginia
6498,6499,0.06694,0.75,0.0339,-1.3,3.95,4,0.7,23.09,VA,Virginia
6499,6500,0.06041,0.74,0.0531,-1.3,3.5,4,0.7,20,VA,Virginia
6500,6501,0.06041,0.74,0.0505,-1.3,3.5,4,0.7,20,VA,Virginia
6501,6502,0.00687,0.74,0.0531,-1.3,3.5,4,0.7,20,VA,Virginia
6502,6503,0.02942,0.74,0.0531,-1.3,3.5,4,0.7,20,VA,Virginia
6503,6504,0.02942,0.74,0.0531,-1.3,3.5,4,0.7,20,VA,Virginia
6504,6505,0.02726,0.74,0.0468,-1.3,3.5,4,0.7,20,VA,Virginia
6505,6506,0.00897,0.74,0.0453,-1.3,3.5,4,0.7,20,VA,Virginia
6506,6507,0.01,0.75,0.031,-1.3,3.95,4,0.7,23.09,VA,Virginia
6507,6508,0.01,0.75,0.031,-1.3,3.95,4,0.7,23.09,VA,Virginia
6508,6509,0.01019,0.75,0.0265,-1.3,3.95,3,0.7,20,VA,Virginia
6509,6510,0.06982,0.75,0.0261,-1.3,3.95,3,0.7,20,VA,Virginia
6510,6511,0.06982,0.75,0.0266,-1.3,3.9000001,3,0.7,20,VA,Virginia
6511,6512,0.06982,0.75,0.0272,-1.3,3.9000001,3,0.9,24.49,VA,Virginia
6512,6513,0.01656,0.75,0.0261,-1.3,3.95,3,0.7,20,VA,Virginia
6513,6514,0.01656,0.75,0.0261,-1.3,3.95,3,0.7,20,VA,Virginia
6514,6515,0.03724,0.75,0.0272,-1.3,3.95,3,0.9,24.49,VA,Virginia
6515,6516,0.03724,0.75,0.0272,-1.3,3.95,3,0.9,24.49,VA,Virginia
6516,6517,0.03041,0.75,0.0272,-1.3,3.95,3,0.9,24.49,VA,Virginia
6517,6518,0.03041,0.75,0.0272,-1.3,3.95,3,0.9,24.49,VA,Virginia
6518,6519,0.00924,0.75,0.0272,-1.3,3.95,3,0.9,24.49,VA,Virginia
6519,6520,0.00924,0.75,0.0272,-1.3,3.95,3,0.9,24.49,VA,Virginia
6520,6521,0.00406,0.74,0.0453,-1.3,3.5,4,0.7,20,VA,Virginia
6521,6522,0.00406,0.74,0.0453,-1.3,3.5,4,0.7,20,VA,Virginia
6522,6523,0.02203,0.74,0.0531,-1.3,3.5,4,0.7,20,VA,Virginia
6523,6524,0.02203,0.74,0.0531,-1.3,3.5,4,0.7,20,VA,Virginia
6524,6525,0.00591,0.74,0.0531,-1.3,3.5,4,0.7,20,VA,Virginia
6525,6526,0.01066,0.74,0.0531,-1.3,3.5,4,0.7,20,VA,Virginia
6526,6527,0.01219,0.75,0.026,-1.3,3.95,3,0.7,20,VA,Virginia
6527,6528,0.0268,0.75,0.026,-1.3,3.95,3,0.7,20,VA,Virginia
6528,6529,0.00338,0.75,0.0256,-1.3,4,4,0.7,23.09,VA,Virginia
6529,6530,0.00285,0.75,0.0256,-1.3,4,4,0.7,23.09,VA,Virginia
6530,6531,0.02776,0.74,0.0443,-1.3,4,4,0.7,20,VA,Virginia
6531,6532,0.00216,0.75,0.0264,-1.3,4,4,0.9,28.28,VA,Virginia
6532,6533,0.03666,0.74,0.0391,-1.3,4,4,0.7,20,VA,Virginia
6533,6534,0.08724,0.75,0.0281,-1.3,4,4,0.7,23.09,VA,Virginia
6534,6535,0.08724,0.75,0.0256,-1.3,4,4,0.7,23.09,VA,Virginia
6535,6536,0.0487,0.75,0.0276,-1.3,4,4,0.9,28.28,VA,Virginia
6536,6537,0.03449,0.75,0.0367,-1.3,4,4,0.7,20,VA,Virginia
6537,6538,0.03449,0.75,0.0367,-1.3,4,4,0.7,20,VA,Virginia
6538,6539,0.05887,0.75,0.0367,-1.3,4,4,0.7,20,VA,Virginia
6539,6540,0.05887,0.75,0.0366,-1.3,4,4,0.7,20,VA,Virginia
6540,6541,0.13167,0.75,0.0259,-1.3,4,4,0.9,28.28,VA,Virginia
6541,6542,0.13167,0.75,0.0264,-1.3,4,4,0.9,28.28,VA,Virginia
6542,6543,0.13167,0.75,0.0244,-1.3,4,4,0.9,28.28,VA,Virginia
6543,6544,0.13167,0.75,0.0264,-1.3,4,4,0.9,28.28,VA,Virginia
6544,6545,0.01505,0.42,0.0445,0.8,3.9000001,5,1.1,27.39,VA,Virginia
6545,6546,0.08339,0.78,0.0292,-1.3,4,4,0.9,28.28,VA,Virginia
6546,6547,0.08339,0.78,0.03,-1.3,4,4,0.9,28.28,VA,Virginia
6547,6548,0.08339,0.78,0.0311,-1.3,4,4,0.9,28.28,VA,Virginia
6548,6549,0.02435,0.42,0.0432,0.8,3.95,4,1.1,24.49,VA,Virginia
6549,6550,0.00253,0.75,0.0241,-1.3,4,4,0.7,23.09,VA,Virginia
6550,6551,0.00304,0.78,0.031,-1.3,4,4,0.9,28.28,VA,Virginia
6551,6552,0.00361,0.42,0.0452,0.5,3.9000001,5,1.1,27.39,VA,Virginia
6552,6553,0.01673,0.75,0.0364,-1.3,4,4,0.7,20,VA,Virginia
6553,6554,0.01673,0.75,0.0364,-1.3,4,4,0.7,20,VA,Virginia
6554,6555,0.0124,0.42,0.0432,0.8,3.95,4,1.1,24.49,VA,Virginia
6555,6556,0.0046,0.42,0.0432,0.9,3.95,4,1.1,24.49,VA,Virginia
6556,6557,0.0046,0.42,0.0432,0.9,3.95,4,1.1,24.49,VA,Virginia
6557,6558,0.04927,0.78,0.0338,-1.3,4,4,0.9,28.28,VA,Virginia
6558,6559,0.04927,0.78,0.0338,-1.3,4,4,0.9,28.28,VA,Virginia
6559,6560,0.03877,0.68,0.0368,-1.3,4,4,0.9,24.49,VA,Virginia
6560,6561,0.03877,0.68,0.0391,-1.3,3.95,4,0.9,24.49,VA,Virginia
6561,6562,0.02123,0.51,0.0416,0.9,3.95,4,0.9,21.21,VA,Virginia
6562,6563,0.03786,0.75,0.0364,-1.3,4,4,0.7,20,VA,Virginia
6563,6564,0.03137,0.68,0.0391,0.9,3.95,4,0.9,21.21,VA,Virginia
6564,6565,0.02075,0.78,0.0338,-1.3,4,4,0.9,28.28,VA,Virginia
6565,6566,0.02075,0.78,0.0338,-1.3,4,4,0.9,28.28,VA,Virginia
6566,6567,0.04235,0.75,0.0364,-1.3,4,4,0.7,20,VA,Virginia
6567,6568,0.04235,0.75,0.0364,-1.3,4,4,0.7,20,VA,Virginia
6568,6569,0.03176,0.43,0.0452,0.5,3.9000001,5,1.1,27.39,VA,Virginia
6569,6570,0.03176,0.43,0.0452,0.5,3.9000001,5,1.1,27.39,VA,Virginia
6570,6571,0.01201,0.42,0.0256,-1.3,4,4,0.7,23.09,VA,Virginia
6571,6572,0.01201,0.42,0.0263,-1.3,4,4,0.7,23.09,VA,Virginia
6572,6573,0.02607,0.68,0.0391,0.9,3.95,4,0.9,21.21,VA,Virginia
6573,6574,0.02607,0.68,0.0391,0.9,3.95,4,0.9,21.21,VA,Virginia
6574,6575,0.04796,0.75,0.0259,-1.3,4,4,0.7,23.09,VA,Virginia
6575,6576,0.04796,0.75,0.0246,-1.3,4,4,0.7,23.09,VA,Virginia
6576,6577,0.04796,0.75,0.0246,-1.3,4,4,0.7,23.09,VA,Virginia
6577,6578,0.04609,0.75,0.0241,-1.3,4,4,0.7,23.09,VA,Virginia
6578,6579,0.04609,0.75,0.0243,-1.3,4,4,0.7,23.09,VA,Virginia
6579,6580,0.00478,0.42,0.0256,-1.3,4,4,0.7,23.09,VA,Virginia
6580,6581,0.08745,0.75,0.025,-1.3,4,4,0.7,23.09,VA,Virginia
6581,6582,0.08745,0.75,0.0256,-1.3,4,4,0.7,23.09,VA,Virginia
6582,6583,0.08745,0.42,0.0256,-1.3,4,4,0.7,23.09,VA,Virginia
6583,6584,0.06304,0.78,0.0325,-1.3,4,4,0.9,28.28,VA,Virginia
6584,6585,0.06304,0.78,0.0338,-1.3,4,4,0.9,28.28,VA,Virginia
6585,6586,0.00871,0.43,0.0452,-0.4,3.9000001,5,1.1,27.39,VA,Virginia
6586,6587,0.01946,0.75,0.0364,-1.3,4,4,0.7,20,VA,Virginia
6587,6588,0.03072,0.78,0.0338,-1.3,4,4,0.9,28.28,VA,Virginia
6588,6589,0.03072,0.68,0.0364,-1.3,4,4,0.9,24.49,VA,Virginia
6589,6590,0.02117,0.68,0.0391,-1.3,3.95,4,0.9,24.49,VA,Virginia
6590,6591,0.02117,0.68,0.0391,-1.3,3.95,4,0.9,24.49,VA,Virginia
6591,6592,0.01234,0.68,0.0391,0.9,3.95,4,0.9,21.21,VA,Virginia
6592,6593,0.11414,0.78,0.031,-1.3,4,4,0.9,28.28,VA,Virginia
6593,6594,0.11414,0.78,0.031,-1.3,4,4,0.9,28.28,VA,Virginia
6594,6595,0.11414,0.78,0.0326,-1.3,4,4,0.9,28.28,VA,Virginia
6595,6596,0.04909,0.75,0.0286,-1.3,4,4,0.7,23.09,VA,Virginia
6596,6597,0.04909,0.75,0.0286,-1.3,4,4,0.7,23.09,VA,Virginia
6597,6598,0.04909,0.75,0.0277,-1.3,4,4,0.7,23.09,VA,Virginia
6598,6599,0.04909,0.75,0.028,-1.3,4,4,0.7,23.09,VA,Virginia
6599,6600,0.02754,0.51,0.0411,0.9,3.95,4,0.9,21.21,VA,Virginia
6600,6601,0.02754,0.51,0.0438,0.9,3.95,4,0.9,21.21,VA,Virginia
6601,6602,0.04836,0.75,0.0256,-1.3,4,4,0.7,23.09,VA,Virginia
6602,6603,0.04836,0.42,0.0256,-1.3,4,4,0.7,23.09,VA,Virginia
6603,6604,0.04836,0.42,0.0251,-1.3,4,4,0.7,23.09,VA,Virginia
6604,6605,0.04836,0.42,0.0256,-1.3,4,4,0.7,23.09,VA,Virginia
6605,6606,0.00409,0.68,0.039,0.9,3.95,4,0.9,21.21,VA,Virginia
6606,6607,0.01612,0.68,0.039,0.9,3.95,4,0.9,21.21,VA,Virginia
6607,6608,0.03481,0.42,0.0253,-1.3,4,4,0.7,23.09,VA,Virginia
6608,6609,0.0039,0.51,0.0388,0.9,3.95,4,0.9,21.21,VA,Virginia
6609,6610,0.00212,0.51,0.0388,0.9,3.95,4,0.9,21.21,VA,Virginia
6610,6611,0.01264,0.42,0.0229,-1.3,4,4,0.7,23.09,VA,Virginia
6611,6612,0.03839,0.78,0.0319,-1.3,4,4,0.9,28.28,VA,Virginia
6612,6613,0.03839,0.78,0.032,-1.3,4,4,0.9,28.28,VA,Virginia
6613,6614,0.00988,0.68,0.0388,0.9,3.95,4,0.9,21.21,VA,Virginia
6614,6615,0.06048,0.75,0.0241,-1.3,4,4,0.7,23.09,VA,Virginia
6615,6616,0.06048,0.75,0.0241,-1.3,4,4,0.7,23.09,VA,Virginia
6616,6617,0.06048,0.42,0.0217,-1.3,4,4,0.7,25.82,VA,Virginia
6617,6618,0.06048,0.75,0.0229,-1.3,4,4,0.7,23.09,VA,Virginia
6618,6619,0.00599,0.68,0.0388,0.9,3.95,4,0.9,21.21,VA,Virginia
6619,6620,0.01654,0.42,0.0223,-1.3,4,4,0.7,23.09,VA,Virginia
6620,6621,0.05641,0.75,0.0325,-1.3,4,4,0.7,23.09,VA,Virginia
6621,6622,0.00951,0.68,0.0388,0.9,3.95,4,0.9,21.21,VA,Virginia
6622,6623,0.04353,0.51,0.045,0.9,3.95,4,0.9,21.21,VA,Virginia
6623,6624,0.04353,0.43,0.045,0.9,3.95,4,1.2,24.49,VA,Virginia
6624,6625,0.07416,0.68,0.0362,-1.3,4,4,0.9,24.49,VA,Virginia
6625,6626,0.07416,0.68,0.0388,-1.3,3.95,4,0.9,24.49,VA,Virginia
6626,6627,0.00454,0.43,0.045,0.8,3.95,4,1.2,24.49,VA,Virginia
6627,6628,0.06549,0.51,0.0409,0.9,3.95,4,0.9,21.21,VA,Virginia
6628,6629,0.06549,0.43,0.045,0.9,3.95,4,1.2,24.49,VA,Virginia
6629,6630,0.04208,1.02,0.0474,-0.4,3.9000001,5,1.2,24.49,VA,Virginia
6630,6631,0.00435,1.02,0.048,-0.6,3.9000001,5,1.2,24.49,VA,Virginia
6631,6632,0.00435,1.02,0.048,-0.6,3.9000001,5,1.2,24.49,VA,Virginia
6632,6633,0.07013,0.42,0.0234,-1.3,4,4,0.7,23.09,VA,Virginia
6633,6634,0.07013,0.42,0.0234,-1.3,4,4,0.7,23.09,VA,Virginia
6634,6635,0.07013,0.42,0.0237,-1.3,4,4,0.7,23.09,VA,Virginia
6635,6636,0.01257,0.42,0.0252,-1.3,4,4,0.7,23.09,VA,Virginia
6636,6637,0.00241,0.85,0.0252,-1.3,4,4,0.7,23.09,VA,Virginia
6637,6638,0.02311,0.85,0.0252,-1.3,4,4,0.7,23.09,VA,Virginia
6638,6639,0.06717,0.42,0.0234,-1.3,4,4,0.7,23.09,VA,Virginia
6639,6640,0.06717,0.42,0.0233,-1.3,4,4,0.7,23.09,VA,Virginia
6640,6641,0.02212,1.02,0.0484,-0.6,3.9000001,5,1.2,24.49,VA,Virginia
6641,6642,0.23774,0.42,0.0217,-1.3,4,4,0.7,25.82,VA,Virginia
6642,6643,0.23774,0.42,0.022,-1.3,4,4,0.7,23.09,VA,Virginia
6643,6644,0.23774,0.42,0.0202,-1.3,4,4,0.7,25.82,VA,Virginia
6644,6645,0.23774,0.42,0.021,-1.3,4,4,0.7,25.82,VA,Virginia
6645,6646,0.23774,0.42,0.0234,-1.3,4,4,0.7,23.09,VA,Virginia
6646,6647,0.10443,0.75,0.0344,-1.3,4,4,0.7,23.09,VA,Virginia
6647,6648,0.10443,0.75,0.0406,-1.3,4,4,0.7,20,VA,Virginia
6648,6649,0.10443,0.75,0.0389,-1.3,4,4,0.7,20,VA,Virginia
6649,6650,0.00263,0.42,0.0406,-1.3,4,4,0.7,20,VA,Virginia
6650,6651,0.12632,0.75,0.0367,-1.3,4,4,0.7,20,VA,Virginia
6651,6652,0.12632,0.74,0.0414,-1.3,4,4,0.7,20,VA,Virginia
6652,6653,0.12632,0.75,0.0427,-1.3,4,4,0.7,20,VA,Virginia
6653,6654,0.02368,1.03,0.0492,-0.6,3.9000001,5,1.2,24.49,VA,Virginia
6654,6655,0.03311,0.42,0.0406,-1.3,4,4,0.7,20,VA,Virginia
6655,6656,0.03311,0.42,0.0406,-1.3,4,4,0.7,20,VA,Virginia
6656,6657,0.0562,1.03,0.0496,-0.1,3.9000001,5,1.2,24.49,VA,Virginia
6657,6658,0.0562,1.03,0.0492,-0.1,3.9000001,5,1.2,24.49,VA,Virginia
6658,6659,0.0562,1.05,0.0487,-0.1,3.9000001,5,1.2,24.49,VA,Virginia
6659,6660,0.02911,1.05,0.048,-0.2,3.9000001,5,1.2,24.49,VA,Virginia
6660,6661,0.02649,1.05,0.0473,-0.2,3.9000001,5,1.2,24.49,VA,Virginia
6661,6662,0.02649,1.05,0.0473,-0.2,3.9000001,5,1.2,24.49,VA,Virginia
6662,6663,0.05082,1.05,0.0488,-2.2,3.9000001,5,1.2,31.62,VA,Virginia
6663,6664,0.05082,1.05,0.0491,-2.2,3.9000001,5,1.2,31.62,VA,Virginia
6664,6665,0.00216,1.05,0.0491,-2.2,3.9000001,5,1.2,31.62,VA,Virginia
6665,6666,0.05419,1.05,0.0491,-0.1,3.9000001,5,1.2,24.49,VA,Virginia
6666,6667,0.05419,1.05,0.0484,-0.1,3.8499999,5,1.1,24.49,VA,Virginia
6671,6672,0.05572,1.05,0.048,-0.6,3.8499999,5,1.1,24.49,VA,Virginia
6672,6673,0.05572,1.05,0.0473,-0.6,3.8499999,5,1.1,24.49,VA,Virginia
6688,6689,0.04937,1.05,0.0491,-0.1,3.8499999,5,1.1,24.49,VA,Virginia